Workbook

Sheet XtEHR
A1: Code | B1: XtEHR Class | H1: | | I1: XtEHR | J1: | | K1: FHIR R4 | L1: | | M1: KOS | N1: | | Q1: DICOM | R1: DICOM SR
H2: | | I2: ----------- | J2: | | K2: ----------- | L2: | | M2: ----------- | N2: |
A3: EHDSImagingStudy1 | B3: EHDSImagingStudy | D3: 0..* | H3: | | I3: =B3&IF(LEN(TRIM(C3))>0,"-","")&C3 -> EHDSImagingStudy | J3: | | K3: =IF(LEN(A3)>0,_xlfn.IFNA(_xlfn.XLOOKUP(A3,FHIR!M:M,FHIR!C:C),""),"") | L3: | | M3: =IF(LEN(TRIM(Q3))>0,Q3,R3) | N3: | | R3: =IF(LEN(A3)>0,_xlfn.IFNA(_xlfn.XLOOKUP(A3,'KOS SR'!X:X,'KOS SR'!N:N),""),"")
A4: EHDSImagingStudy2 | B4: EHDSImagingStudy | C4: header | D4: 1..1 | E4: Base | F4: =SUBSTITUTE(E4," http://www.xt-ehr.eu/fhir/models/StructureDefinition/", "" ) -> Base | H4: | | I4: =B4&IF(LEN(TRIM(C4))>0,"-","")&C4 -> EHDSImagingStudy-header | J4: | | K4: =IF(LEN(A4)>0,_xlfn.IFNA(_xlfn.XLOOKUP(A4,FHIR!M:M,FHIR!E:E),""),"") | L4: | | M4: =IF(LEN(TRIM(Q4))>0,Q4,R4) | N4: | | R4: =IF(LEN(A4)>0,_xlfn.IFNA(_xlfn.XLOOKUP(A4,'KOS SR'!X:X,'KOS SR'!N:N),""),"")
A5: EHDSImagingStudy3 | B5: EHDSImagingStudy | C5: header.subject | D5: 1..1 | E5: http://www.xt-ehr.eu/fhir/models/StructureDefinition/EHDSPatient | F5: =SUBSTITUTE(E5," http://www.xt-ehr.eu/fhir/models/StructureDefinition/", "" ) -> EHDSPatient | H5: | | I5: =B5&IF(LEN(TRIM(C5))>0,"-","")&C5 -> EHDSImagingStudy-header.subject | J5: | | K5: =IF(LEN(A5)>0,_xlfn.IFNA(_xlfn.XLOOKUP(A5,FHIR!M:M,FHIR!E:E),""),"") -> ImagingStudy.subject | L5: | | M5: =IF(LEN(TRIM(Q5))>0,Q5,R5) -> PatientModule | N5: | | Q5: =IF(LEN(A5)>0,_xlfn.IFNA(_xlfn.XLOOKUP(A5,KOS!U:U,KOS!N:N),""),"") -> PatientModule | R5: =IF(LEN(A5)>0,_xlfn.IFNA(_xlfn.XLOOKUP(A5,'KOS SR'!X:X,'KOS SR'!N:N),""),"")
A6: EHDSImagingStudy4 | B6: EHDSImagingStudy | C6: header.identifier | D6: 1..* | E6: Identifier | F6: =SUBSTITUTE(E6," http://www.xt-ehr.eu/fhir/models/StructureDefinition/", "" ) -> Identifier | H6: | | I6: =B6&IF(LEN(TRIM(C6))>0,"-","")&C6 -> EHDSImagingStudy- header.identifier | J6: | | K6: =IF(LEN(A6)>0,_xlfn.IFNA(_xlfn.XLOOKUP(A6,FHIR!M:M,FHIR!E:E),""),"") -> ImagingStudy.identifier[studyInstanceUid] | L6: | | M6: =IF(LEN(TRIM(Q6))>0,Q6,R6) -> General Study-StudyInstanceUID | N6: | | Q6: =IF(LEN(A6)>0,_xlfn.IFNA(_xlfn.XLOOKUP(A6,KOS!U:U,KOS!N:N),""),"") -> General Study-StudyInstanceUID | R6: =IF(LEN(A6)>0,_xlfn.IFNA(_xlfn.XLOOKUP(A6,'KOS SR'!X:X,'KOS SR'!N:N),""),"") -> SR-TID1600:EV (ddd011, DCM, “Study Instance UID”)
A7: EHDSImagingStudy5 | B7: EHDSImagingStudy | C7: header.author[x] | D7: 1..* | E7: http://www.xt-ehr.eu/fhir/models/StructureDefinition/EHDSHealthProfessional | F7: =SUBSTITUTE(E7," http://www.xt-ehr.eu/fhir/models/StructureDefinition/", "" ) -> EHDSHealthProfessional | H7: | | I7: =B7&IF(LEN(TRIM(C7))>0,"-","")&C7 -> EHDSImagingStudy- header.author[x] | J7: | | K7: =IF(LEN(A7)>0,_xlfn.IFNA(_xlfn.XLOOKUP(A7,FHIR!M:M,FHIR!E:E),""),"") | L7: | | M7: =IF(LEN(TRIM(Q7))>0,Q7,R7) | N7: | | Q7: =IF(LEN(A7)>0,_xlfn.IFNA(_xlfn.XLOOKUP(A7,KOS!U:U,KOS!N:N),""),"") | R7: =IF(LEN(A7)>0,_xlfn.IFNA(_xlfn.XLOOKUP(A7,'KOS SR'!X:X,'KOS SR'!N:N),""),"")
A8: EHDSImagingStudy6 | B8: EHDSImagingStudy | C8: header.author[EHDSOrganization] | D8: 1..* | E8: http://www.xt-ehr.eu/fhir/models/StructureDefinition/EHDSOrganisation | F8: =SUBSTITUTE(E8," http://www.xt-ehr.eu/fhir/models/StructureDefinition/", "" ) -> EHDSOrganisation | H8: | | I8: =B8&IF(LEN(TRIM(C8))>0,"-","")&C8 -> EHDSImagingStudy- header.author[EHDSOrganization] | J8: | | K8: =IF(LEN(A8)>0,_xlfn.IFNA(_xlfn.XLOOKUP(A8,FHIR!M:M,FHIR!E:E),""),"") -> MhDDocumentReference.author[organization] | L8: | | M8: =IF(LEN(TRIM(Q8))>0,Q8,R8) -> General Equipment-Institution Name | N8: | | Q8: =IF(LEN(A8)>0,_xlfn.IFNA(_xlfn.XLOOKUP(A8,KOS!U:U,KOS!N:N),""),"") -> General Equipment-Institution Name | R8: =IF(LEN(A8)>0,_xlfn.IFNA(_xlfn.XLOOKUP(A8,'KOS SR'!X:X,'KOS SR'!N:N),""),"")
A9: EHDSImagingStudy7 | B9: EHDSImagingStudy | C9: header.author[EHDSDevice] | D9: 1..* | E9: http://www.xt-ehr.eu/fhir/models/StructureDefinition/EHDSDevice | F9: =SUBSTITUTE(E9," http://www.xt-ehr.eu/fhir/models/StructureDefinition/", "" ) -> EHDSDevice | H9: | | I9: =B9&IF(LEN(TRIM(C9))>0,"-","")&C9 -> EHDSImagingStudy- header.author[EHDSDevice] | J9: | | K9: =IF(LEN(A9)>0,_xlfn.IFNA(_xlfn.XLOOKUP(A9,FHIR!M:M,FHIR!E:E),""),"") -> MhDDocumentReference.author[madoDevice] | L9: | | M9: =IF(LEN(TRIM(Q9))>0,Q9,R9) -> General Equipment-Manufacturer | N9: | | Q9: =IF(LEN(A9)>0,_xlfn.IFNA(_xlfn.XLOOKUP(A9,KOS!U:U,KOS!N:N),""),"") -> General Equipment-Manufacturer | R9: =IF(LEN(A9)>0,_xlfn.IFNA(_xlfn.XLOOKUP(A9,'KOS SR'!X:X,'KOS SR'!N:N),""),"")
A10: EHDSImagingStudy8 | B10: EHDSImagingStudy | C10: header.date | D10: 1..1 | E10: dateTime | F10: =SUBSTITUTE(E10," http://www.xt-ehr.eu/fhir/models/StructureDefinition/", "" ) -> dateTime | H10: | | I10: =B10&IF(LEN(TRIM(C10))>0,"-","")&C10 -> EHDSImagingStudy- header.date | J10: | | K10: =IF(LEN(A10)>0,_xlfn.IFNA(_xlfn.XLOOKUP(A10,FHIR!M:M,FHIR!E:E),""),"") | L10: | | M10: =IF(LEN(TRIM(Q10))>0,Q10,R10) -> Key Object Document-Content Date | N10: | | Q10: =IF(LEN(A10)>0,_xlfn.IFNA(_xlfn.XLOOKUP(A10,KOS!U:U,KOS!N:N),""),"") -> Key Object Document-Content Date | R10: =IF(LEN(A10)>0,_xlfn.IFNA(_xlfn.XLOOKUP(A10,'KOS SR'!X:X,'KOS SR'!N:N),""),"")
A11: EHDSImagingStudy9 | B11: EHDSImagingStudy | C11: header.status | D11: 1..1 | E11: CodeableConcept | F11: =SUBSTITUTE(E11," http://www.xt-ehr.eu/fhir/models/StructureDefinition/", "" ) -> CodeableConcept | H11: | | I11: =B11&IF(LEN(TRIM(C11))>0,"-","")&C11 -> EHDSImagingStudy- header.status | J11: | | K11: =IF(LEN(A11)>0,_xlfn.IFNA(_xlfn.XLOOKUP(A11,FHIR!M:M,FHIR!E:E),""),"") -> ImagingStudy.status | L11: | | M11: =IF(LEN(TRIM(Q11))>0,Q11,R11) | N11: | | Q11: =IF(LEN(A11)>0,_xlfn.IFNA(_xlfn.XLOOKUP(A11,KOS!U:U,KOS!N:N),""),"") | R11: =IF(LEN(A11)>0,_xlfn.IFNA(_xlfn.XLOOKUP(A11,'KOS SR'!X:X,'KOS SR'!N:N),""),"")
A12: EHDSImagingStudy10 | B12: EHDSImagingStudy | C12: header.language | D12: 0..1 | E12: CodeableConcept | F12: =SUBSTITUTE(E12," http://www.xt-ehr.eu/fhir/models/StructureDefinition/", "" ) -> CodeableConcept | H12: | | I12: =B12&IF(LEN(TRIM(C12))>0,"-","")&C12 -> EHDSImagingStudy- header.language | J12: | | K12: =IF(LEN(A12)>0,_xlfn.IFNA(_xlfn.XLOOKUP(A12,FHIR!M:M,FHIR!E:E),""),"") -> ImagingStudy.language | L12: | | M12: =IF(LEN(TRIM(Q12))>0,Q12,R12) | N12: | | Q12: =IF(LEN(A12)>0,_xlfn.IFNA(_xlfn.XLOOKUP(A12,KOS!U:U,KOS!N:N),""),"") | R12: =IF(LEN(A12)>0,_xlfn.IFNA(_xlfn.XLOOKUP(A12,'KOS SR'!X:X,'KOS SR'!N:N),""),"")
A13: EHDSImagingStudy11 | B13: EHDSImagingStudy | C13: modality | D13: 0..* | E13: CodeableConcept | F13: =SUBSTITUTE(E13," http://www.xt-ehr.eu/fhir/models/StructureDefinition/", "" ) -> CodeableConcept | H13: | | I13: =B13&IF(LEN(TRIM(C13))>0,"-","")&C13 -> EHDSImagingStudy- modality | J13: | | K13: =IF(LEN(A13)>0,_xlfn.IFNA(_xlfn.XLOOKUP(A13,FHIR!M:M,FHIR!E:E),""),"") -> ImagingStudy.modality | L13: | | M13: =IF(LEN(TRIM(Q13))>0,Q13,R13) -> General Study-Modality | N13: | | Q13: =IF(LEN(A13)>0,_xlfn.IFNA(_xlfn.XLOOKUP(A13,KOS!U:U,KOS!N:N),""),"") -> General Study-Modality | R13: =IF(LEN(A13)>0,_xlfn.IFNA(_xlfn.XLOOKUP(A13,'KOS SR'!X:X,'KOS SR'!N:N),""),"") -> SR-TID1600:EV (121139, DCM, "Modality")
A14: EHDSImagingStudy12 | B14: EHDSImagingStudy | C14: bodySite | D14: 0..* | E14: http://www.xt-ehr.eu/fhir/models/StructureDefinition/EHDSBodyStructure | F14: =SUBSTITUTE(E14," http://www.xt-ehr.eu/fhir/models/StructureDefinition/", "" ) -> EHDSBodyStructure | H14: | | I14: =B14&IF(LEN(TRIM(C14))>0,"-","")&C14 -> EHDSImagingStudy- bodySite | J14: | | K14: =IF(LEN(A14)>0,_xlfn.IFNA(_xlfn.XLOOKUP(A14,FHIR!M:M,FHIR!E:E),""),"") -> ImagingStudy.extension[anatomical] | L14: | | M14: =IF(LEN(TRIM(Q14))>0,Q14,R14) -> SR-TID1600:EV (123014, DCM, "Target Region") | N14: | | Q14: =IF(LEN(A14)>0,_xlfn.IFNA(_xlfn.XLOOKUP(A14,KOS!U:U,KOS!N:N),""),"") | R14: =IF(LEN(A14)>0,_xlfn.IFNA(_xlfn.XLOOKUP(A14,'KOS SR'!X:X,'KOS SR'!N:N),""),"") -> SR-TID1600:EV (123014, DCM, "Target Region")
A15: EHDSImagingStudy13 | B15: EHDSImagingStudy | C15: encounter | D15: 0..1 | E15: http://www.xt-ehr.eu/fhir/models/StructureDefinition/EHDSEncounter | F15: =SUBSTITUTE(E15," http://www.xt-ehr.eu/fhir/models/StructureDefinition/", "" ) -> EHDSEncounter | H15: | | I15: =B15&IF(LEN(TRIM(C15))>0,"-","")&C15 -> EHDSImagingStudy- encounter | J15: | | K15: =IF(LEN(A15)>0,_xlfn.IFNA(_xlfn.XLOOKUP(A15,FHIR!M:M,FHIR!E:E),""),"") -> ImagingStudy.encounter | L15: | | M15: =IF(LEN(TRIM(Q15))>0,Q15,R15) | N15: | | Q15: =IF(LEN(A15)>0,_xlfn.IFNA(_xlfn.XLOOKUP(A15,KOS!U:U,KOS!N:N),""),"") | R15: =IF(LEN(A15)>0,_xlfn.IFNA(_xlfn.XLOOKUP(A15,'KOS SR'!X:X,'KOS SR'!N:N),""),"")
A16: EHDSImagingStudy14 | B16: EHDSImagingStudy | C16: started | D16: 0..1 | E16: dateTime | F16: =SUBSTITUTE(E16," http://www.xt-ehr.eu/fhir/models/StructureDefinition/", "" ) -> dateTime | H16: | | I16: =B16&IF(LEN(TRIM(C16))>0,"-","")&C16 -> EHDSImagingStudy- started | J16: | | K16: =IF(LEN(A16)>0,_xlfn.IFNA(_xlfn.XLOOKUP(A16,FHIR!M:M,FHIR!E:E),""),"") -> ImagingStudy.started | L16: | | M16: =IF(LEN(TRIM(Q16))>0,Q16,R16) -> General Study-StudyDate | N16: | | Q16: =IF(LEN(A16)>0,_xlfn.IFNA(_xlfn.XLOOKUP(A16,KOS!U:U,KOS!N:N),""),"") -> General Study-StudyDate | R16: =IF(LEN(A16)>0,_xlfn.IFNA(_xlfn.XLOOKUP(A16,'KOS SR'!X:X,'KOS SR'!N:N),""),"")
... A38: EHDSImagingStudy36 | B38: EHDSImagingStudy | C38: series.instancesInTheSeries.numberOfFrames | D38: 0..1 | E38: integer | F38: =SUBSTITUTE(E38," http://www.xt-ehr.eu/fhir/models/StructureDefinition/", "" ) -> integer | H38: | | I38: =B38&IF(LEN(TRIM(C38))>0,"-","")&C38 -> EHDSImagingStudy- series.instancesInTheSeries.numberOfFrames | J38: | | K38: =IF(LEN(A38)>0,_xlfn.IFNA(_xlfn.XLOOKUP(A38,FHIR!M:M,FHIR!E:E),""),"") -> ImagingStudy.series.instance.extension[numberOfFrames] | L38: | | M38: =IF(LEN(TRIM(Q38))>0,Q38,R38) -> SR-TID1601:EV (121140, DCM, “Number of Frames”) | N38: | | Q38: =IF(LEN(A38)>0,_xlfn.IFNA(_xlfn.XLOOKUP(A38,KOS!U:U,KOS!N:N),""),"") | R38: =IF(LEN(A38)>0,_xlfn.IFNA(_xlfn.XLOOKUP(A38,'KOS SR'!X:X,'KOS SR'!N:N),""),"") -> SR-TID1601:EV (121140, DCM, “Number of Frames”)
A39: EHDSImagingStudy37 | B39: EHDSImagingStudy | C39: series.instancesInTheSeries.keyImage | D39: 0..* | E39: Base | F39: =SUBSTITUTE(E39," http://www.xt-ehr.eu/fhir/models/StructureDefinition/", "" ) -> Base | G39: Remove? | H39: | | I39: =B39&IF(LEN(TRIM(C39))>0,"-","")&C39 -> EHDSImagingStudy- series.instancesInTheSeries.keyImage | J39: | | K39: =IF(LEN(A39)>0,_xlfn.IFNA(_xlfn.XLOOKUP(A39,FHIR!M:M,FHIR!E:E),""),"") | L39: | | M39: =IF(LEN(TRIM(Q39))>0,Q39,R39) | N39: | | Q39: =IF(LEN(A39)>0,_xlfn.IFNA(_xlfn.XLOOKUP(A39,KOS!U:U,KOS!N:N),""),"") | R39: =IF(LEN(A39)>0,_xlfn.IFNA(_xlfn.XLOOKUP(A39,'KOS SR'!X:X,'KOS SR'!N:N),""),"")
A40: EHDSImagingStudy38 | B40: EHDSImagingStudy | C40: series.instancesInTheSeries.keyImage.flag | D40: 1..1 | E40: CodeableConcept | F40: =SUBSTITUTE(E40," http://www.xt-ehr.eu/fhir/models/StructureDefinition/", "" ) -> CodeableConcept | G40: Remove? | H40: | | I40: =B40&IF(LEN(TRIM(C40))>0,"-","")&C40 -> EHDSImagingStudy- series.instancesInTheSeries.keyImage.flag | J40: | | K40: =IF(LEN(A40)>0,_xlfn.IFNA(_xlfn.XLOOKUP(A40,FHIR!M:M,FHIR!E:E),""),"") -> Basic-KeyObj.extension[code].coding | L40: | | M40: =IF(LEN(TRIM(Q40))>0,Q40,R40) | N40: | | Q40: =IF(LEN(A40)>0,_xlfn.IFNA(_xlfn.XLOOKUP(A40,KOS!U:U,KOS!N:N),""),"") | R40: =IF(LEN(A40)>0,_xlfn.IFNA(_xlfn.XLOOKUP(A40,'KOS SR'!X:X,'KOS SR'!N:N),""),"")
A41: EHDSImagingStudy39 | B41: EHDSImagingStudy | C41: series.instancesInTheSeries.keyImage.reason | D41: 0..1 | E41: string | F41: =SUBSTITUTE(E41," http://www.xt-ehr.eu/fhir/models/StructureDefinition/", "" ) -> string | G41: Remove? | H41: | | I41: =B41&IF(LEN(TRIM(C41))>0,"-","")&C41 -> EHDSImagingStudy- series.instancesInTheSeries.keyImage.reason | J41: | | K41: =IF(LEN(A41)>0,_xlfn.IFNA(_xlfn.XLOOKUP(A41,FHIR!M:M,FHIR!E:E),""),"") -> Basic-KeyObj.extension[code].text | L41: | | M41: =IF(LEN(TRIM(Q41))>0,Q41,R41) | N41: | | Q41: =IF(LEN(A41)>0,_xlfn.IFNA(_xlfn.XLOOKUP(A41,KOS!U:U,KOS!N:N),""),"") | R41: =IF(LEN(A41)>0,_xlfn.IFNA(_xlfn.XLOOKUP(A41,'KOS SR'!X:X,'KOS SR'!N:N),""),"")
A42: EHDSImagingStudy40 | B42: EHDSImagingStudy | C42: series.instancesInTheSeries.keyImage.seriesUID | D42: 1..* | E42: Identifier | F42: =SUBSTITUTE(E42," http://www.xt-ehr.eu/fhir/models/StructureDefinition/", "" ) -> Identifier | G42: Remove? | H42: | | I42: =B42&IF(LEN(TRIM(C42))>0,"-","")&C42 -> EHDSImagingStudy- series.instancesInTheSeries.keyImage.seriesUID | J42: | | K42: =IF(LEN(A42)>0,_xlfn.IFNA(_xlfn.XLOOKUP(A42,FHIR!M:M,FHIR!E:E),""),"") -> Basic-KeyObj.extension[seriesUid] | L42: | | M42: =IF(LEN(TRIM(Q42))>0,Q42,R42) | N42: | | Q42: =IF(LEN(A42)>0,_xlfn.IFNA(_xlfn.XLOOKUP(A42,KOS!U:U,KOS!N:N),""),"") | R42: =IF(LEN(A42)>0,_xlfn.IFNA(_xlfn.XLOOKUP(A42,'KOS SR'!X:X,'KOS SR'!N:N),""),"")
A43: EHDSImagingStudy41 | B43: EHDSImagingStudy | C43: series.instancesInTheSeries.keyImage.instanceUID | D43: 1..* | E43: Identifier | F43: =SUBSTITUTE(E43," http://www.xt-ehr.eu/fhir/models/StructureDefinition/", "" ) -> Identifier | G43: Remove? | H43: | | I43: =B43&IF(LEN(TRIM(C43))>0,"-","")&C43 -> EHDSImagingStudy- series.instancesInTheSeries.keyImage.instanceUID | J43: | | K43: =IF(LEN(A43)>0,_xlfn.IFNA(_xlfn.XLOOKUP(A43,FHIR!M:M,FHIR!E:E),""),"") -> Basic-KeyObj.extension[studyUid] | L43: | | M43: =IF(LEN(TRIM(Q43))>0,Q43,R43) | N43: | | Q43: =IF(LEN(A43)>0,_xlfn.IFNA(_xlfn.XLOOKUP(A43,KOS!U:U,KOS!N:N),""),"") | R43: =IF(LEN(A43)>0,_xlfn.IFNA(_xlfn.XLOOKUP(A43,'KOS SR'!X:X,'KOS SR'!N:N),""),"")
H45: | | I45: XtEHR | J45: | | K45: FHIR R4 | L45: | | M45: KOS | N45: |
H46: | | I46: ----------- | J46: | | K46: ----------- | L46: | | M46: ----------- | N46: |
A47: EHDSPatient1 | B47: EHDSPatient | D47: 0..* | E47: Model for information about a patient (subject of care). | H47: | | I47: =B47&IF(LEN(TRIM(C47))>0,"-","")&C47 -> EHDSPatient | J47: | | K47: =IF(LEN(A47)>0,_xlfn.IFNA(_xlfn.XLOOKUP(A47,FHIR!M:M,FHIR!E:E),""),"") | L47: | | M47: =IF(LEN(TRIM(Q47))>0,Q47,R47) | N47: | | Q47: =IF(LEN(A47)>0,_xlfn.IFNA(_xlfn.XLOOKUP(A47,KOS!U:U,KOS!N:N),""),"") | R47: =IF(LEN(A47)>0,_xlfn.IFNA(_xlfn.XLOOKUP(A47,'KOS SR'!X:X,'KOS SR'!N:N),""),"")
A48: EHDSPatient2 | B48: EHDSPatient | C48: identifier | D48: 1..* | E48: An identifier of the patient that is unique within a defined scope (typically a national patient identifier, but it can also be a temporary identifier issued by the EHR). | F48: Identifier | H48: | | I48: =B48&IF(LEN(TRIM(C48))>0,"-","")&C48 -> EHDSPatient- identifier | J48: | | K48: =IF(LEN(A48)>0,_xlfn.IFNA(_xlfn.XLOOKUP(A48,FHIR!M:M,FHIR!E:E),""),"") -> Patient.identifier | L48: | | M48: =IF(LEN(TRIM(Q48))>0,Q48,R48) -> PatientModule-Patient ID​ | N48: | | Q48: =IF(LEN(A48)>0,_xlfn.IFNA(_xlfn.XLOOKUP(A48,KOS!U:U,KOS!N:N),""),"") -> PatientModule-Patient ID​ | R48: =IF(LEN(A48)>0,_xlfn.IFNA(_xlfn.XLOOKUP(A48,'KOS SR'!X:X,'KOS SR'!N:N),""),"") | X48: PatientID | Y48: IssuerOfPatientID | Z48: IssuerOfPatientIdSequence | AA48: OtherPatientIDsSequence
A49: EHDSPatient3 | B49: EHDSPatient | C49: name | D49: 0..* | E49: Name might consist of name parts, e.g. Given name or names, family name/surname, name prefix etc. | F49: http://www.xt-ehr.eu/fhir/models/StructureDefinition/EHDSHumanName | H49: | | I49: =B49&IF(LEN(TRIM(C49))>0,"-","")&C49 -> EHDSPatient- name | J49: | | K49: =IF(LEN(A49)>0,_xlfn.IFNA(_xlfn.XLOOKUP(A49,FHIR!M:M,FHIR!E:E),""),"") -> Patient.name | L49: | | M49: =IF(LEN(TRIM(Q49))>0,Q49,R49) -> PatientModule-PatientName | N49: | | Q49: =IF(LEN(A49)>0,_xlfn.IFNA(_xlfn.XLOOKUP(A49,KOS!U:U,KOS!N:N),""),"") -> PatientModule-PatientName | R49: =IF(LEN(A49)>0,_xlfn.IFNA(_xlfn.XLOOKUP(A49,'KOS SR'!X:X,'KOS SR'!N:N),""),"")
A50: EHDSPatient4 | B50: EHDSPatient | C50: dateOfBirth | D50: 0..1 | E50: Date of birth | F50: dateTime | H50: | | I50: =B50&IF(LEN(TRIM(C50))>0,"-","")&C50 -> EHDSPatient- dateOfBirth | J50: | | K50: =IF(LEN(A50)>0,_xlfn.IFNA(_xlfn.XLOOKUP(A50,FHIR!M:M,FHIR!E:E),""),"") -> Patient.birthDate | L50: | | M50: =IF(LEN(TRIM(Q50))>0,Q50,R50) -> PatientModule-Patient's Birth Date​ | N50: | | Q50: =IF(LEN(A50)>0,_xlfn.IFNA(_xlfn.XLOOKUP(A50,KOS!U:U,KOS!N:N),""),"") -> PatientModule-Patient's Birth Date​ | R50: =IF(LEN(A50)>0,_xlfn.IFNA(_xlfn.XLOOKUP(A50,'KOS SR'!X:X,'KOS SR'!N:N),""),"")
A51: EHDSPatient5 | B51: EHDSPatient | C51: deceased[boolean] | D51: 0..1 | E51: Whether the patient is deceased or date of death. | F51: boolean | H51: | | I51: =B51&IF(LEN(TRIM(C51))>0,"-","")&C51 -> EHDSPatient- deceased[boolean] | J51: | | K51: =IF(LEN(A51)>0,_xlfn.IFNA(_xlfn.XLOOKUP(A51,FHIR!M:M,FHIR!E:E),""),"") -> Patient.deceased[boolean] | L51: | | M51: =IF(LEN(TRIM(Q51))>0,Q51,R51) | N51: | | Q51: =IF(LEN(A51)>0,_xlfn.IFNA(_xlfn.XLOOKUP(A51,KOS!U:U,KOS!N:N),""),"") | R51: =IF(LEN(A51)>0,_xlfn.IFNA(_xlfn.XLOOKUP(A51,'KOS SR'!X:X,'KOS SR'!N:N),""),"")
A52: EHDSPatient6 | B52: EHDSPatient | C52: deceased[DateTime] | D52: 0..1 | E52: Whether the patient is deceased or date of death. | F52: dateTime | H52: | | I52: =B52&IF(LEN(TRIM(C52))>0,"-","")&C52 -> EHDSPatient- deceased[DateTime] | J52: | | K52: =IF(LEN(A52)>0,_xlfn.IFNA(_xlfn.XLOOKUP(A52,FHIR!M:M,FHIR!E:E),""),"") -> Patient.deceased[DateTime] | L52: | | M52: =IF(LEN(TRIM(Q52))>0,Q52,R52) | N52: | | Q52: =IF(LEN(A52)>0,_xlfn.IFNA(_xlfn.XLOOKUP(A52,KOS!U:U,KOS!N:N),""),"") | R52: =IF(LEN(A52)>0,_xlfn.IFNA(_xlfn.XLOOKUP(A52,'KOS SR'!X:X,'KOS SR'!N:N),""),"")
A53: EHDSPatient7 | B53: EHDSPatient | C53: administrativeGender | D53: 0..1 | E53: This field must contain a recognised valid value for "administrative gender". If different, "physiological gender" should be communicated elsewhere. | F53: CodeableConcept | G53: HL7 Administrative Gender (preferred) | H53: | | I53: =B53&IF(LEN(TRIM(C53))>0,"-","")&C53 -> EHDSPatient- administrativeGender | J53: | | K53: =IF(LEN(A53)>0,_xlfn.IFNA(_xlfn.XLOOKUP(A53,FHIR!M:M,FHIR!E:E),""),"") -> Patient.gender | L53: | | M53: =IF(LEN(TRIM(Q53))>0,Q53,R53) -> PatientModule-Patient's Sex​ | N53: | | Q53: =IF(LEN(A53)>0,_xlfn.IFNA(_xlfn.XLOOKUP(A53,KOS!U:U,KOS!N:N),""),"") -> PatientModule-Patient's Sex​ | R53: =IF(LEN(A53)>0,_xlfn.IFNA(_xlfn.XLOOKUP(A53,'KOS SR'!X:X,'KOS SR'!N:N),""),"")
A54: EHDSPatient8 | B54: EHDSPatient | C54: address | D54: 0..* | E54: The addresses are always sequences of address parts (e.g. street address line, country, postal code, city) even if postal address formats may vary depending on the country. An address may or may not include a specific use code, if this attribute is not present it is assumed to be the default address useful for any purpose. | F54: http://www.xt-ehr.eu/fhir/models/StructureDefinition/EHDSAddress | H54: | | I54: =B54&IF(LEN(TRIM(C54))>0,"-","")&C54 -> EHDSPatient- address | J54: | | K54: =IF(LEN(A54)>0,_xlfn.IFNA(_xlfn.XLOOKUP(A54,FHIR!M:M,FHIR!E:E),""),"") -> Patient.address | L54: | | M54: =IF(LEN(TRIM(Q54))>0,Q54,R54) | N54: | | Q54: =IF(LEN(A54)>0,_xlfn.IFNA(_xlfn.XLOOKUP(A54,KOS!U:U,KOS!N:N),""),"") | R54: =IF(LEN(A54)>0,_xlfn.IFNA(_xlfn.XLOOKUP(A54,'KOS SR'!X:X,'KOS SR'!N:N),""),"")
A55: EHDSPatient9 | B55: EHDSPatient | C55: telecom | D55: 0..* | E55: Contact information. | F55: http://www.xt-ehr.eu/fhir/models/StructureDefinition/EHDSTelecom | H55: | | I55: =B55&IF(LEN(TRIM(C55))>0,"-","")&C55 -> EHDSPatient- telecom | J55: | | K55: =IF(LEN(A55)>0,_xlfn.IFNA(_xlfn.XLOOKUP(A55,FHIR!M:M,FHIR!E:E),""),"") -> Patient.telecom | L55: | | M55: =IF(LEN(TRIM(Q55))>0,Q55,R55) | N55: | | Q55: =IF(LEN(A55)>0,_xlfn.IFNA(_xlfn.XLOOKUP(A55,KOS!U:U,KOS!N:N),""),"") | R55: =IF(LEN(A55)>0,_xlfn.IFNA(_xlfn.XLOOKUP(A55,'KOS SR'!X:X,'KOS SR'!N:N),""),"")
H57: | | I57: XtEHR | J57: | | K57: FHIR R4 | L57: | | M57: KOS | N57: |
H58: | | I58: ----------- | J58: | | K58: ----------- | L58: | | M58: ----------- | N58: |
A59: EHDSEndpoint1 | B59: EHDSEndpoint | D59: 0..* | E59: Model covers technical details of an endpoint that can be used for electronic services | H59: | | I59: =B59&IF(LEN(TRIM(C59))>0,"-","")&C59 -> EHDSEndpoint | J59: | | K59: =IF(LEN(A59)>0,_xlfn.IFNA(_xlfn.XLOOKUP(A59,FHIR!M:M,FHIR!E:E),""),"") | L59: | | M59: =IF(LEN(TRIM(Q59))>0,Q59,R59) | N59: | | Q59: =IF(LEN(A59)>0,_xlfn.IFNA(_xlfn.XLOOKUP(A59,KOS!U:U,KOS!N:N),""),"") | R59: =IF(LEN(A59)>0,_xlfn.IFNA(_xlfn.XLOOKUP(A59,'KOS SR'!X:X,'KOS SR'!N:N),""),"")
A60: EHDSEndpoint2 | B60: EHDSEndpoint | C60: identifier | D60: 1..* | E60: Identifier for the endpoint | F60: Identifier | H60: | | I60: =B60&IF(LEN(TRIM(C60))>0,"-","")&C60 -> EHDSEndpoint- identifier | J60: | | K60: =IF(LEN(A60)>0,_xlfn.IFNA(_xlfn.XLOOKUP(A60,FHIR!M:M,FHIR!E:E),""),"") -> Endpoint-XcWADO.identifier | L60: | | M60: =IF(LEN(TRIM(Q60))>0,Q60,R60) | N60: | | Q60: =IF(LEN(A60)>0,_xlfn.IFNA(_xlfn.XLOOKUP(A60,KOS!U:U,KOS!N:N),""),"") | R60: =IF(LEN(A60)>0,_xlfn.IFNA(_xlfn.XLOOKUP(A60,'KOS SR'!X:X,'KOS SR'!N:N),""),"")
A61: EHDSEndpoint3 | B61: EHDSEndpoint | C61: status | D61: 1..1 | E61: Status of the endpoint (e.g. active, limited). | F61: CodeableConcept | G61: HL7 Endpoint Status (preferred) | H61: | | I61: =B61&IF(LEN(TRIM(C61))>0,"-","")&C61 -> EHDSEndpoint- status | J61: | | K61: =IF(LEN(A61)>0,_xlfn.IFNA(_xlfn.XLOOKUP(A61,FHIR!M:M,FHIR!E:E),""),"") -> Endpoint-XcWADO.status | L61: | | M61: =IF(LEN(TRIM(Q61))>0,Q61,R61) | N61: | | Q61: =IF(LEN(A61)>0,_xlfn.IFNA(_xlfn.XLOOKUP(A61,KOS!U:U,KOS!N:N),""),"") | R61: =IF(LEN(A61)>0,_xlfn.IFNA(_xlfn.XLOOKUP(A61,'KOS SR'!X:X,'KOS SR'!N:N),""),"")
A62: EHDSEndpoint4 | B62: EHDSEndpoint | C62: connectionType | D62: 1..* | E62: A coded value that represents the technical details of the usage of this endpoint, such as what WSDLs should be used in what way. | F62: CodeableConcept | H62: | | I62: =B62&IF(LEN(TRIM(C62))>0,"-","")&C62 -> EHDSEndpoint- connectionType | J62: | | K62: =IF(LEN(A62)>0,_xlfn.IFNA(_xlfn.XLOOKUP(A62,FHIR!M:M,FHIR!E:E),""),"") -> Endpoint-XcWADO.connectionType | L62: | | M62: =IF(LEN(TRIM(Q62))>0,Q62,R62) | N62: | | Q62: =IF(LEN(A62)>0,_xlfn.IFNA(_xlfn.XLOOKUP(A62,KOS!U:U,KOS!N:N),""),"") | R62: =IF(LEN(A62)>0,_xlfn.IFNA(_xlfn.XLOOKUP(A62,'KOS SR'!X:X,'KOS SR'!N:N),""),"")
A63: EHDSEndpoint5 | B63: EHDSEndpoint | C63: name | D63: 0..1 | E63: A friendly name that this endpoint can be referred to with. | F63: string | H63: | | I63: =B63&IF(LEN(TRIM(C63))>0,"-","")&C63 -> EHDSEndpoint- name | J63: | | K63: =IF(LEN(A63)>0,_xlfn.IFNA(_xlfn.XLOOKUP(A63,FHIR!M:M,FHIR!E:E),""),"") -> Endpoint-XcWADO.name | L63: | | M63: =IF(LEN(TRIM(Q63))>0,Q63,R63) | N63: | | Q63: =IF(LEN(A63)>0,_xlfn.IFNA(_xlfn.XLOOKUP(A63,KOS!U:U,KOS!N:N),""),"") | R63: =IF(LEN(A63)>0,_xlfn.IFNA(_xlfn.XLOOKUP(A63,'KOS SR'!X:X,'KOS SR'!N:N),""),"")
A64: EHDSEndpoint6 | B64: EHDSEndpoint | C64: managingOrganisation | D64: 0..1 | E64: The organisation that provides technical management services for this endpoint. | F64: http://www.xt-ehr.eu/fhir/models/StructureDefinition/EHDSOrganisation | H64: | | I64: =B64&IF(LEN(TRIM(C64))>0,"-","")&C64 -> EHDSEndpoint- managingOrganisation | J64: | | K64: =IF(LEN(A64)>0,_xlfn.IFNA(_xlfn.XLOOKUP(A64,FHIR!M:M,FHIR!E:E),""),"") -> Endpoint-XcWADO.managingOrganisation | L64: | | M64: =IF(LEN(TRIM(Q64))>0,Q64,R64) | N64: | | Q64: =IF(LEN(A64)>0,_xlfn.IFNA(_xlfn.XLOOKUP(A64,KOS!U:U,KOS!N:N),""),"") | R64: =IF(LEN(A64)>0,_xlfn.IFNA(_xlfn.XLOOKUP(A64,'KOS SR'!X:X,'KOS SR'!N:N),""),"")
A65: EHDSEndpoint7 | B65: EHDSEndpoint | C65: payload | D65: 0..* | E65: The set of payloads that are provided/available at this endpoint. | F65: Base | H65: | | I65: =B65&IF(LEN(TRIM(C65))>0,"-","")&C65 -> EHDSEndpoint- payload | J65: | | K65: =IF(LEN(A65)>0,_xlfn.IFNA(_xlfn.XLOOKUP(A65,FHIR!M:M,FHIR!E:E),""),"") -> Endpoint-XcWADO.payload | L65: | | M65: =IF(LEN(TRIM(Q65))>0,Q65,R65) | N65: | | Q65: =IF(LEN(A65)>0,_xlfn.IFNA(_xlfn.XLOOKUP(A65,KOS!U:U,KOS!N:N),""),"") | R65: =IF(LEN(A65)>0,_xlfn.IFNA(_xlfn.XLOOKUP(A65,'KOS SR'!X:X,'KOS SR'!N:N),""),"")
A66: EHDSEndpoint8 | B66: EHDSEndpoint | C66: payload.type | D66: 0..* | E66: The type of content that may be used at this endpoint. | F66: CodeableConcept | H66: | | I66: =B66&IF(LEN(TRIM(C66))>0,"-","")&C66 -> EHDSEndpoint- payload.type | J66: | | K66: =IF(LEN(A66)>0,_xlfn.IFNA(_xlfn.XLOOKUP(A66,FHIR!M:M,FHIR!E:E),""),"") -> Endpoint-XcWADO.payload.type | L66: | | M66: =IF(LEN(TRIM(Q66))>0,Q66,R66) | N66: | | Q66: =IF(LEN(A66)>0,_xlfn.IFNA(_xlfn.XLOOKUP(A66,KOS!U:U,KOS!N:N),""),"") | R66: =IF(LEN(A66)>0,_xlfn.IFNA(_xlfn.XLOOKUP(A66,'KOS SR'!X:X,'KOS SR'!N:N),""),"")
A67: EHDSEndpoint9 | B67: EHDSEndpoint | C67: payload.mimeType | D67: 0..* | E67: The mime type to send the payload in (e.g. application/fhir+xml, application/fhir+json). | F67: CodeableConcept | G67: BCP-13 (preferred) | H67: | | I67: =B67&IF(LEN(TRIM(C67))>0,"-","")&C67 -> EHDSEndpoint- payload.mimeType | J67: | | K67: =IF(LEN(A67)>0,_xlfn.IFNA(_xlfn.XLOOKUP(A67,FHIR!M:M,FHIR!E:E),""),"") -> Endpoint-XcWADO.payload.mimeType | L67: | | M67: =IF(LEN(TRIM(Q67))>0,Q67,R67) | N67: | | Q67: =IF(LEN(A67)>0,_xlfn.IFNA(_xlfn.XLOOKUP(A67,KOS!U:U,KOS!N:N),""),"") | R67: =IF(LEN(A67)>0,_xlfn.IFNA(_xlfn.XLOOKUP(A67,'KOS SR'!X:X,'KOS SR'!N:N),""),"")
A68: EHDSEndpoint9.5 | B68: EHDSEndpoint | C68: payload.profileCanonical | D68: 0..* | E68: The FHIR profile that is expected at this endpoint. It describes the resources that are handled, or even simply which resource types. | F68: uri | H68: | | I68: =B68&IF(LEN(TRIM(C68))>0,"-","")&C68 -> EHDSEndpoint- payload.profileCanonical | J68: | | K68: =IF(LEN(A68)>0,_xlfn.IFNA(_xlfn.XLOOKUP(A68,FHIR!M:M,FHIR!E:E),""),"") -> Endpoint-XcWADO.payload.profileCanonical | L68: | | M68: =IF(LEN(TRIM(Q68))>0,Q68,R68) | N68: | | Q68: =IF(LEN(A68)>0,_xlfn.IFNA(_xlfn.XLOOKUP(A68,KOS!U:U,KOS!N:N),""),"") | R68: =IF(LEN(A68)>0,_xlfn.IFNA(_xlfn.XLOOKUP(A68,'KOS SR'!X:X,'KOS SR'!N:N),""),"")
A69: EHDSEndpoint11 | B69: EHDSEndpoint | C69: payload.profileUri | D69: 0..* | E69: The profile (as a URI) that is expected at this endpoint when not represented using a FHIR profile. | F69: uri | H69: | | I69: =B69&IF(LEN(TRIM(C69))>0,"-","")&C69 -> EHDSEndpoint- payload.profileUri | J69: | | K69: =IF(LEN(A69)>0,_xlfn.IFNA(_xlfn.XLOOKUP(A69,FHIR!M:M,FHIR!E:E),""),"") -> Endpoint-XcWADO.payload.profileUri | L69: | | M69: =IF(LEN(TRIM(Q69))>0,Q69,R69) | N69: | | Q69: =IF(LEN(A69)>0,_xlfn.IFNA(_xlfn.XLOOKUP(A69,KOS!U:U,KOS!N:N),""),"") | R69: =IF(LEN(A69)>0,_xlfn.IFNA(_xlfn.XLOOKUP(A69,'KOS SR'!X:X,'KOS SR'!N:N),""),"")
A70: EHDSEndpoint12 | B70: EHDSEndpoint | C70: address | D70: 1..1 | E70: The URI that describes the actual end-point to connect to. | F70: uri | H70: | | I70: =B70&IF(LEN(TRIM(C70))>0,"-","")&C70 -> EHDSEndpoint- address | J70: | | K70: =IF(LEN(A70)>0,_xlfn.IFNA(_xlfn.XLOOKUP(A70,FHIR!M:M,FHIR!E:E),""),"") -> Endpoint-XcWADO.address | L70: | | M70: =IF(LEN(TRIM(Q70))>0,Q70,R70) -> Key Object Document-Current Requested Procedure Evidence Sequence-Retrieve URL | N70: | | Q70: =IF(LEN(A70)>0,_xlfn.IFNA(_xlfn.XLOOKUP(A70,KOS!U:U,KOS!N:N),""),"") -> Key Object Document-Current Requested Procedure Evidence Sequence-Retrieve URL | R70: =IF(LEN(A70)>0,_xlfn.IFNA(_xlfn.XLOOKUP(A70,'KOS SR'!X:X,'KOS SR'!N:N),""),"")
A71: EHDSEndpoint13 | B71: EHDSEndpoint | C71: header | D71: 0..* | E71: Additional headers / information to send as part of the notification. Usage depends on the channel type. | F71: string | H71: | | I71: =B71&IF(LEN(TRIM(C71))>0,"-","")&C71 -> EHDSEndpoint- header | J71: | | K71: =IF(LEN(A71)>0,_xlfn.IFNA(_xlfn.XLOOKUP(A71,FHIR!M:M,FHIR!E:E),""),"") -> Endpoint-XcWADO.header | L71: | | M71: =IF(LEN(TRIM(Q71))>0,Q71,R71) | N71: | | Q71: =IF(LEN(A71)>0,_xlfn.IFNA(_xlfn.XLOOKUP(A71,KOS!U:U,KOS!N:N),""),"") | R71: =IF(LEN(A71)>0,_xlfn.IFNA(_xlfn.XLOOKUP(A71,'KOS SR'!X:X,'KOS SR'!N:N),""),"")
A75: EHDSHealthProfessional1 | B75: EHDSHealthProfessional | D75: 0..* | E75: Model for information about a health professional. | H75: | | I75: =B75&IF(LEN(TRIM(C75))>0,"-","")&C75 -> EHDSHealthProfessional | J75: | | K75: =IF(LEN(A75)>0,_xlfn.IFNA(_xlfn.XLOOKUP(A75,FHIR!M:M,FHIR!E:E),""),"") | L75: | | M75: =IF(LEN(TRIM(Q75))>0,Q75,R75) | N75: | | Q75: =IF(LEN(A75)>0,_xlfn.IFNA(_xlfn.XLOOKUP(A75,KOS!U:U,KOS!N:N),""),"") | R75: =IF(LEN(A75)>0,_xlfn.IFNA(_xlfn.XLOOKUP(A75,'KOS SR'!X:X,'KOS SR'!N:N),""),"")
A76: EHDSHealthProfessional2 | B76: EHDSHealthProfessional | C76: identifier | D76: 0..* | E76: An identifier of the health professional that is unique within a defined scope. Example: National health professional ID. Multiple identifiers could be provided. | F76: Identifier | H76: | | I76: =B76&IF(LEN(TRIM(C76))>0,"-","")&C76 -> EHDSHealthProfessional- identifier | J76: | | K76: =IF(LEN(A76)>0,_xlfn.IFNA(_xlfn.XLOOKUP(A76,FHIR!M:M,FHIR!E:E),""),"") | L76: | | M76: =IF(LEN(TRIM(Q76))>0,Q76,R76) | N76: | | Q76: =IF(LEN(A76)>0,_xlfn.IFNA(_xlfn.XLOOKUP(A76,KOS!U:U,KOS!N:N),""),"") | R76: =IF(LEN(A76)>0,_xlfn.IFNA(_xlfn.XLOOKUP(A76,'KOS SR'!X:X,'KOS SR'!N:N),""),"")
A77: EHDSHealthProfessional3 | B77: EHDSHealthProfessional | C77: name | D77: 0..1 | E77: Name of the health professional that has been treating or taking responsibility for the patient. | F77: http://www.xt-ehr.eu/fhir/models/StructureDefinition/EHDSHumanName | H77: | | I77: =B77&IF(LEN(TRIM(C77))>0,"-","")&C77 -> EHDSHealthProfessional- name | J77: | | K77: =IF(LEN(A77)>0,_xlfn.IFNA(_xlfn.XLOOKUP(A77,FHIR!M:M,FHIR!E:E),""),"") | L77: | | M77: =IF(LEN(TRIM(Q77))>0,Q77,R77) | N77: | | Q77: =IF(LEN(A77)>0,_xlfn.IFNA(_xlfn.XLOOKUP(A77,KOS!U:U,KOS!N:N),""),"") | R77: =IF(LEN(A77)>0,_xlfn.IFNA(_xlfn.XLOOKUP(A77,'KOS SR'!X:X,'KOS SR'!N:N),""),"")
A78: EHDSHealthProfessional4 | B78: EHDSHealthProfessional | C78: address | D78: 0..* | E78: Mailing and office or home addresses. The addresses are always sequences of address parts (e.g. street address line, country, postcode, city) even if postal address formats may vary depending on the country. An address may or may not include a specific use code, if this attribute is not present it is assumed to be the default address useful for any purpose. | F78: http://www.xt-ehr.eu/fhir/models/StructureDefinition/EHDSAddress | H78: | | I78: =B78&IF(LEN(TRIM(C78))>0,"-","")&C78 -> EHDSHealthProfessional- address | J78: | | K78: =IF(LEN(A78)>0,_xlfn.IFNA(_xlfn.XLOOKUP(A78,FHIR!M:M,FHIR!E:E),""),"") | L78: | | M78: =IF(LEN(TRIM(Q78))>0,Q78,R78) | N78: | | Q78: =IF(LEN(A78)>0,_xlfn.IFNA(_xlfn.XLOOKUP(A78,KOS!U:U,KOS!N:N),""),"") | R78: =IF(LEN(A78)>0,_xlfn.IFNA(_xlfn.XLOOKUP(A78,'KOS SR'!X:X,'KOS SR'!N:N),""),"")
A79: EHDSHealthProfessional5 | B79: EHDSHealthProfessional | C79: telecom | D79: 0..* | E79: Telecommunication contact information (addresses) associated with a person, such as phone number, email, or messaging service. Multiple telecommunication addresses might be provided. | F79: http://www.xt-ehr.eu/fhir/models/StructureDefinition/EHDSTelecom | H79: | | I79: =B79&IF(LEN(TRIM(C79))>0,"-","")&C79 -> EHDSHealthProfessional- telecom | J79: | | K79: =IF(LEN(A79)>0,_xlfn.IFNA(_xlfn.XLOOKUP(A79,FHIR!M:M,FHIR!E:E),""),"") | L79: | | M79: =IF(LEN(TRIM(Q79))>0,Q79,R79) | N79: | | Q79: =IF(LEN(A79)>0,_xlfn.IFNA(_xlfn.XLOOKUP(A79,KOS!U:U,KOS!N:N),""),"") | R79: =IF(LEN(A79)>0,_xlfn.IFNA(_xlfn.XLOOKUP(A79,'KOS SR'!X:X,'KOS SR'!N:N),""),"")
A80: EHDSHealthProfessional6 | B80: EHDSHealthProfessional | C80: professionalRole | D80: 0..* | E80: Professional role that the health professional is practicing at a given organisation. This is a generalisation of the FHIR PractitionerRole resource, which is used to represent the role of a practitioner in a specific context, such as a specific organisation or location. | F80: Base | H80: | | I80: =B80&IF(LEN(TRIM(C80))>0,"-","")&C80 -> EHDSHealthProfessional- professionalRole | J80: | | K80: =IF(LEN(A80)>0,_xlfn.IFNA(_xlfn.XLOOKUP(A80,FHIR!M:M,FHIR!E:E),""),"") | L80: | | M80: =IF(LEN(TRIM(Q80))>0,Q80,R80) | N80: | | Q80: =IF(LEN(A80)>0,_xlfn.IFNA(_xlfn.XLOOKUP(A80,KOS!U:U,KOS!N:N),""),"") | R80: =IF(LEN(A80)>0,_xlfn.IFNA(_xlfn.XLOOKUP(A80,'KOS SR'!X:X,'KOS SR'!N:N),""),"")
A81: EHDSHealthProfessional7 | B81: EHDSHealthProfessional | C81: professionalRole.role | D81: 0..* | E81: Health professional role. Multiple roles could be provided. | F81: CodeableConcept | G81: ISCO, SNOMED CT (preferred) | H81: | | I81: =B81&IF(LEN(TRIM(C81))>0,"-","")&C81 -> EHDSHealthProfessional- professionalRole.role | J81: | | K81: =IF(LEN(A81)>0,_xlfn.IFNA(_xlfn.XLOOKUP(A81,FHIR!M:M,FHIR!E:E),""),"") | L81: | | M81: =IF(LEN(TRIM(Q81))>0,Q81,R81) | N81: | | Q81: =IF(LEN(A81)>0,_xlfn.IFNA(_xlfn.XLOOKUP(A81,KOS!U:U,KOS!N:N),""),"") | R81: =IF(LEN(A81)>0,_xlfn.IFNA(_xlfn.XLOOKUP(A81,'KOS SR'!X:X,'KOS SR'!N:N),""),"")
A82: EHDSHealthProfessional8 | B82: EHDSHealthProfessional | C82: professionalRole.organisation | D82: 0..1 | E82: The organisation where this role is available | F82: http://www.xt-ehr.eu/fhir/models/StructureDefinition/EHDSOrganisation | H82: | | I82: =B82&IF(LEN(TRIM(C82))>0,"-","")&C82 -> EHDSHealthProfessional- professionalRole.organisation | J82: | | K82: =IF(LEN(A82)>0,_xlfn.IFNA(_xlfn.XLOOKUP(A82,FHIR!M:M,FHIR!E:E),""),"") | L82: | | M82: =IF(LEN(TRIM(Q82))>0,Q82,R82) | N82: | | Q82: =IF(LEN(A82)>0,_xlfn.IFNA(_xlfn.XLOOKUP(A82,KOS!U:U,KOS!N:N),""),"") | R82: =IF(LEN(A82)>0,_xlfn.IFNA(_xlfn.XLOOKUP(A82,'KOS SR'!X:X,'KOS SR'!N:N),""),"")
A83: EHDSHealthProfessional9 | B83: EHDSHealthProfessional | C83: professionalRole.specialty | D83: 0..* | E83: The specialty of a practitioner that describes the functional role they are practicing at a given organisation | F83: CodeableConcept | G83: SNOMED CT (preferred) | H83: | | I83: =B83&IF(LEN(TRIM(C83))>0,"-","")&C83 -> EHDSHealthProfessional- professionalRole.specialty | J83: | | K83: =IF(LEN(A83)>0,_xlfn.IFNA(_xlfn.XLOOKUP(A83,FHIR!M:M,FHIR!E:E),""),"") | L83: | | M83: =IF(LEN(TRIM(Q83))>0,Q83,R83) | N83: | | Q83: =IF(LEN(A83)>0,_xlfn.IFNA(_xlfn.XLOOKUP(A83,KOS!U:U,KOS!N:N),""),"") | R83: =IF(LEN(A83)>0,_xlfn.IFNA(_xlfn.XLOOKUP(A83,'KOS SR'!X:X,'KOS SR'!N:N),""),"")
A87: EHDSHealthProfessional10 | B87: EHDSOrganisation | D87: 0..* | E87: Model for information about an organisation | H87: | | I87: =B87&IF(LEN(TRIM(C87))>0,"-","")&C87 -> EHDSOrganisation | J87: | | K87: =IF(LEN(A87)>0,_xlfn.IFNA(_xlfn.XLOOKUP(A87,FHIR!M:M,FHIR!E:E),""),"") | L87: | | M87: =IF(LEN(TRIM(Q87))>0,Q87,R87) | N87: | | Q87: =IF(LEN(A87)>0,_xlfn.IFNA(_xlfn.XLOOKUP(A87,KOS!U:U,KOS!N:N),""),"") | R87: =IF(LEN(A87)>0,_xlfn.IFNA(_xlfn.XLOOKUP(A87,'KOS SR'!X:X,'KOS SR'!N:N),""),"")
A88: EHDSHealthProfessional11 | B88: EHDSOrganisation | C88: identifier | D88: 0..* | E88: Organisation identifier | F88: Identifier | H88: | | I88: =B88&IF(LEN(TRIM(C88))>0,"-","")&C88 -> EHDSOrganisation- identifier | J88: | | K88: =IF(LEN(A88)>0,_xlfn.IFNA(_xlfn.XLOOKUP(A88,FHIR!M:M,FHIR!E:E),""),"") | L88: | | M88: =IF(LEN(TRIM(Q88))>0,Q88,R88) | N88: | | Q88: =IF(LEN(A88)>0,_xlfn.IFNA(_xlfn.XLOOKUP(A88,KOS!U:U,KOS!N:N),""),"") | R88: =IF(LEN(A88)>0,_xlfn.IFNA(_xlfn.XLOOKUP(A88,'KOS SR'!X:X,'KOS SR'!N:N),""),"")
A89: EHDSHealthProfessional12 | B89: EHDSOrganisation | C89: type | D89: 0..* | E89: Kind of organisation | F89: CodeableConcept | G89: HL7 organisation_type (preferred) | H89: | | I89: =B89&IF(LEN(TRIM(C89))>0,"-","")&C89 -> EHDSOrganisation- type | J89: | | K89: =IF(LEN(A89)>0,_xlfn.IFNA(_xlfn.XLOOKUP(A89,FHIR!M:M,FHIR!E:E),""),"") | L89: | | M89: =IF(LEN(TRIM(Q89))>0,Q89,R89) | N89: | | Q89: =IF(LEN(A89)>0,_xlfn.IFNA(_xlfn.XLOOKUP(A89,KOS!U:U,KOS!N:N),""),"") | R89: =IF(LEN(A89)>0,_xlfn.IFNA(_xlfn.XLOOKUP(A89,'KOS SR'!X:X,'KOS SR'!N:N),""),"")
A90: EHDSHealthProfessional13 | B90: EHDSOrganisation | C90: name | D90: 0..1 | E90: Organisation name | F90: string | H90: | | I90: =B90&IF(LEN(TRIM(C90))>0,"-","")&C90 -> EHDSOrganisation- name | J90: | | K90: =IF(LEN(A90)>0,_xlfn.IFNA(_xlfn.XLOOKUP(A90,FHIR!M:M,FHIR!E:E),""),"") | L90: | | M90: =IF(LEN(TRIM(Q90))>0,Q90,R90) | N90: | | Q90: =IF(LEN(A90)>0,_xlfn.IFNA(_xlfn.XLOOKUP(A90,KOS!U:U,KOS!N:N),""),"") | R90: =IF(LEN(A90)>0,_xlfn.IFNA(_xlfn.XLOOKUP(A90,'KOS SR'!X:X,'KOS SR'!N:N),""),"")
A91: EHDSHealthProfessional14 | B91: EHDSOrganisation | C91: address | D91: 0..* | E91: Mailing or office addresses. | F91: http://www.xt-ehr.eu/fhir/models/StructureDefinition/EHDSAddress | H91: | | I91: =B91&IF(LEN(TRIM(C91))>0,"-","")&C91 -> EHDSOrganisation- address | J91: | | K91: =IF(LEN(A91)>0,_xlfn.IFNA(_xlfn.XLOOKUP(A91,FHIR!M:M,FHIR!E:E),""),"") | L91: | | M91: =IF(LEN(TRIM(Q91))>0,Q91,R91) | N91: | | Q91: =IF(LEN(A91)>0,_xlfn.IFNA(_xlfn.XLOOKUP(A91,KOS!U:U,KOS!N:N),""),"") | R91: =IF(LEN(A91)>0,_xlfn.IFNA(_xlfn.XLOOKUP(A91,'KOS SR'!X:X,'KOS SR'!N:N),""),"")
A92: EHDSHealthProfessional15 | B92: EHDSOrganisation | C92: telecom | D92: 0..* | E92: Telecommunication contact information (addresses) associated with an organisation, such as phone number, email, or messaging service. | F92: http://www.xt-ehr.eu/fhir/models/StructureDefinition/EHDSTelecom | H92: | | I92: =B92&IF(LEN(TRIM(C92))>0,"-","")&C92 -> EHDSOrganisation- telecom | J92: | | K92: =IF(LEN(A92)>0,_xlfn.IFNA(_xlfn.XLOOKUP(A92,FHIR!M:M,FHIR!E:E),""),"") | L92: | | M92: =IF(LEN(TRIM(Q92))>0,Q92,R92) | N92: | | Q92: =IF(LEN(A92)>0,_xlfn.IFNA(_xlfn.XLOOKUP(A92,KOS!U:U,KOS!N:N),""),"") | R92: =IF(LEN(A92)>0,_xlfn.IFNA(_xlfn.XLOOKUP(A92,'KOS SR'!X:X,'KOS SR'!N:N),""),"")
A93: EHDSHealthProfessional16 | B93: EHDSOrganisation | C93: partOf | D93: 0..1 | E93: The organisation of which this organisation forms a part | F93: http://www.xt-ehr.eu/fhir/models/StructureDefinition/EHDSOrganisation | H93: | | I93: =B93&IF(LEN(TRIM(C93))>0,"-","")&C93 -> EHDSOrganisation- partOf | J93: | | K93: =IF(LEN(A93)>0,_xlfn.IFNA(_xlfn.XLOOKUP(A93,FHIR!M:M,FHIR!E:E),""),"") | L93: | | M93: =IF(LEN(TRIM(Q93))>0,Q93,R93) | N93: | | Q93: =IF(LEN(A93)>0,_xlfn.IFNA(_xlfn.XLOOKUP(A93,KOS!U:U,KOS!N:N),""),"") | R93: =IF(LEN(A93)>0,_xlfn.IFNA(_xlfn.XLOOKUP(A93,'KOS SR'!X:X,'KOS SR'!N:N),""),"")
A94: EHDSServiceRequest1 | B94: EHDSServiceRequest | D94: 0..* | E94: The model covers details about a requested service or services. One order may include several requests. | H94: | | I94: =B94&IF(LEN(TRIM(C94))>0,"-","")&C94 -> EHDSServiceRequest | J94: | | K94: =IF(LEN(A94)>0,_xlfn.IFNA(_xlfn.XLOOKUP(A94,FHIR!M:M,FHIR!E:E),""),"") | L94: | | M94: =IF(LEN(TRIM(Q94))>0,Q94,R94) | N94: | | Q94: =IF(LEN(A94)>0,_xlfn.IFNA(_xlfn.XLOOKUP(A94,KOS!U:U,KOS!N:N),""),"") | R94: =IF(LEN(A94)>0,_xlfn.IFNA(_xlfn.XLOOKUP(A94,'KOS SR'!X:X,'KOS SR'!N:N),""),"")
A95: EHDSServiceRequest2 | B95: EHDSServiceRequest | C95: header | D95: 1..1 | E95: Basic metadata for this information | F95: Base | H95: | | I95: =B95&IF(LEN(TRIM(C95))>0,"-","")&C95 -> EHDSServiceRequest- header | J95: | | K95: =IF(LEN(A95)>0,_xlfn.IFNA(_xlfn.XLOOKUP(A95,FHIR!M:M,FHIR!E:E),""),"") | L95: | | M95: =IF(LEN(TRIM(Q95))>0,Q95,R95) | N95: | | Q95: =IF(LEN(A95)>0,_xlfn.IFNA(_xlfn.XLOOKUP(A95,KOS!U:U,KOS!N:N),""),"") | R95: =IF(LEN(A95)>0,_xlfn.IFNA(_xlfn.XLOOKUP(A95,'KOS SR'!X:X,'KOS SR'!N:N),""),"")
A96: EHDSServiceRequest3 | B96: EHDSServiceRequest | C96: header.subject | D96: 1..1 | E96: Patient/subject information | F96: http://www.xt-ehr.eu/fhir/models/StructureDefinition/EHDSPatient | H96: | | I96: =B96&IF(LEN(TRIM(C96))>0,"-","")&C96 -> EHDSServiceRequest- header.subject | J96: | | K96: =IF(LEN(A96)>0,_xlfn.IFNA(_xlfn.XLOOKUP(A96,FHIR!M:M,FHIR!E:E),""),"") -> ServiceRequest-Order.subject | L96: | | M96: =IF(LEN(TRIM(Q96))>0,Q96,R96) | N96: | | Q96: =IF(LEN(A96)>0,_xlfn.IFNA(_xlfn.XLOOKUP(A96,KOS!U:U,KOS!N:N),""),"") | R96: =IF(LEN(A96)>0,_xlfn.IFNA(_xlfn.XLOOKUP(A96,'KOS SR'!X:X,'KOS SR'!N:N),""),"")
A97: EHDSServiceRequest4 | B97: EHDSServiceRequest | C97: header.identifier | D97: 0..* | E97: Business identifier for the object, unique within its system. Supporting disambiguation between different contexts (systems/countries). | F97: Identifier | H97: | | I97: =B97&IF(LEN(TRIM(C97))>0,"-","")&C97 -> EHDSServiceRequest- header.identifier | J97: | | K97: =IF(LEN(A97)>0,_xlfn.IFNA(_xlfn.XLOOKUP(A97,FHIR!M:M,FHIR!E:E),""),"") -> ServiceRequest-Order.identifier | L97: | | M97: =IF(LEN(TRIM(Q97))>0,Q97,R97) -> General Study-AccessionNumber | N97: | | Q97: =IF(LEN(A97)>0,_xlfn.IFNA(_xlfn.XLOOKUP(A97,KOS!U:U,KOS!N:N),""),"") -> General Study-AccessionNumber | R97: =IF(LEN(A97)>0,_xlfn.IFNA(_xlfn.XLOOKUP(A97,'KOS SR'!X:X,'KOS SR'!N:N),""),"")
A98: EHDSServiceRequest5 | B98: EHDSServiceRequest | C98: header.author[EHDSHealthProcessional] | D98: 0..* | E98: Author(s) responsible for the provided information. The exact role of the responsible author varies across use cases and is specific to individual models. | F98: http://www.xt-ehr.eu/fhir/models/StructureDefinition/EHDSHealthProfessional | H98: | | I98: =B98&IF(LEN(TRIM(C98))>0,"-","")&C98 -> EHDSServiceRequest- header.author[EHDSHealthProcessional] | J98: | | K98: =IF(LEN(A98)>0,_xlfn.IFNA(_xlfn.XLOOKUP(A98,FHIR!M:M,FHIR!E:E),""),"") -> ServiceRequest-Order.requester | L98: | | M98: =IF(LEN(TRIM(Q98))>0,Q98,R98) | N98: | | Q98: =IF(LEN(A98)>0,_xlfn.IFNA(_xlfn.XLOOKUP(A98,KOS!U:U,KOS!N:N),""),"") | R98: =IF(LEN(A98)>0,_xlfn.IFNA(_xlfn.XLOOKUP(A98,'KOS SR'!X:X,'KOS SR'!N:N),""),"")
A99: EHDSServiceRequest6 | B99: EHDSServiceRequest | C99: header.author[EHDSOrganization] | D99: 0..* | E99: Author(s) responsible for the provided information. The exact role of the responsible author varies across use cases and is specific to individual models. | F99: http://www.xt-ehr.eu/fhir/models/StructureDefinition/EHDSOrganisation | H99: | | I99: =B99&IF(LEN(TRIM(C99))>0,"-","")&C99 -> EHDSServiceRequest- header.author[EHDSOrganization] | J99: | | K99: =IF(LEN(A99)>0,_xlfn.IFNA(_xlfn.XLOOKUP(A99,FHIR!M:M,FHIR!E:E),""),"") -> ServiceRequest-Order.requester | L99: | | M99: =IF(LEN(TRIM(Q99))>0,Q99,R99) | N99: | | Q99: =IF(LEN(A99)>0,_xlfn.IFNA(_xlfn.XLOOKUP(A99,KOS!U:U,KOS!N:N),""),"") | R99: =IF(LEN(A99)>0,_xlfn.IFNA(_xlfn.XLOOKUP(A99,'KOS SR'!X:X,'KOS SR'!N:N),""),"")
A100: EHDSServiceRequest7 | B100: EHDSServiceRequest | C100: header.author[EHDSDevice] | D100: 0..* | E100: Author(s) responsible for the provided information. The exact role of the responsible author varies across use cases and is specific to individual models. | F100: http://www.xt-ehr.eu/fhir/models/StructureDefinition/EHDSDevice | H100: | | I100: =B100&IF(LEN(TRIM(C100))>0,"-","")&C100 -> EHDSServiceRequest- header.author[EHDSDevice] | J100: | | K100: =IF(LEN(A100)>0,_xlfn.IFNA(_xlfn.XLOOKUP(A100,FHIR!M:M,FHIR!E:E),""),"") -> ServiceRequest-Order.requester | L100: | | M100: =IF(LEN(TRIM(Q100))>0,Q100,R100) | N100: | | Q100: =IF(LEN(A100)>0,_xlfn.IFNA(_xlfn.XLOOKUP(A100,KOS!U:U,KOS!N:N),""),"") | R100: =IF(LEN(A100)>0,_xlfn.IFNA(_xlfn.XLOOKUP(A100,'KOS SR'!X:X,'KOS SR'!N:N),""),"")
A101: EHDSServiceRequest8 | B101: EHDSServiceRequest | C101: header.date | D101: 0..1 | E101: Date and optionally time of authoring/issuing | F101: dateTime | H101: | | I101: =B101&IF(LEN(TRIM(C101))>0,"-","")&C101 -> EHDSServiceRequest- header.date | J101: | | K101: =IF(LEN(A101)>0,_xlfn.IFNA(_xlfn.XLOOKUP(A101,FHIR!M:M,FHIR!E:E),""),"") -> ServiceRequest-Order.authoredOn | L101: | | M101: =IF(LEN(TRIM(Q101))>0,Q101,R101) | N101: | | Q101: =IF(LEN(A101)>0,_xlfn.IFNA(_xlfn.XLOOKUP(A101,KOS!U:U,KOS!N:N),""),"") | R101: =IF(LEN(A101)>0,_xlfn.IFNA(_xlfn.XLOOKUP(A101,'KOS SR'!X:X,'KOS SR'!N:N),""),"")
A102: EHDSServiceRequest9 | B102: EHDSServiceRequest | C102: header.status | D102: 1..1 | E102: Status of the resource or document | F102: CodeableConcept | H102: | | I102: =B102&IF(LEN(TRIM(C102))>0,"-","")&C102 -> EHDSServiceRequest- header.status | J102: | | K102: =IF(LEN(A102)>0,_xlfn.IFNA(_xlfn.XLOOKUP(A102,FHIR!M:M,FHIR!E:E),""),"") -> ServiceRequest-Order.status | L102: | | M102: =IF(LEN(TRIM(Q102))>0,Q102,R102) | N102: | | Q102: =IF(LEN(A102)>0,_xlfn.IFNA(_xlfn.XLOOKUP(A102,KOS!U:U,KOS!N:N),""),"") | R102: =IF(LEN(A102)>0,_xlfn.IFNA(_xlfn.XLOOKUP(A102,'KOS SR'!X:X,'KOS SR'!N:N),""),"")
A103: EHDSServiceRequest10 | B103: EHDSServiceRequest | C103: header.language | D103: 0..1 | E103: Language in which the resource is written. Language is expressed by the IETF language tag. | F103: CodeableConcept | G103: BCP 47 (preferred) | H103: | | I103: =B103&IF(LEN(TRIM(C103))>0,"-","")&C103 -> EHDSServiceRequest- header.language | J103: | | K103: =IF(LEN(A103)>0,_xlfn.IFNA(_xlfn.XLOOKUP(A103,FHIR!M:M,FHIR!E:E),""),"") -> ServiceRequest-Order.language | L103: | | M103: =IF(LEN(TRIM(Q103))>0,Q103,R103) | N103: | | Q103: =IF(LEN(A103)>0,_xlfn.IFNA(_xlfn.XLOOKUP(A103,KOS!U:U,KOS!N:N),""),"") | R103: =IF(LEN(A103)>0,_xlfn.IFNA(_xlfn.XLOOKUP(A103,'KOS SR'!X:X,'KOS SR'!N:N),""),"")
A104: EHDSServiceRequest11 | B104: EHDSServiceRequest | C104: description | D104: 0..1 | E104: Textual description of the requested service | F104: string | H104: | | I104: =B104&IF(LEN(TRIM(C104))>0,"-","")&C104 -> EHDSServiceRequest- description | J104: | | K104: =IF(LEN(A104)>0,_xlfn.IFNA(_xlfn.XLOOKUP(A104,FHIR!M:M,FHIR!E:E),""),"") -> ServiceRequest-Order.description | L104: | | M104: =IF(LEN(TRIM(Q104))>0,Q104,R104) | N104: | | Q104: =IF(LEN(A104)>0,_xlfn.IFNA(_xlfn.XLOOKUP(A104,KOS!U:U,KOS!N:N),""),"") | R104: =IF(LEN(A104)>0,_xlfn.IFNA(_xlfn.XLOOKUP(A104,'KOS SR'!X:X,'KOS SR'!N:N),""),"")
A105: EHDSServiceRequest12 | B105: EHDSServiceRequest | C105: code | D105: 0..1 | E105: A code and name that identifies a particular service (i.e., procedure, diagnostic investigation, or panel of investigations) that have been requested. | F105: CodeableConcept | G105: LOINC, NPU, SNOMED CT (preferred) | H105: | | I105: =B105&IF(LEN(TRIM(C105))>0,"-","")&C105 -> EHDSServiceRequest- code | J105: | | K105: =IF(LEN(A105)>0,_xlfn.IFNA(_xlfn.XLOOKUP(A105,FHIR!M:M,FHIR!E:E),""),"") -> ServiceRequest-Order.code | L105: | | M105: =IF(LEN(TRIM(Q105))>0,Q105,R105) | N105: | | Q105: =IF(LEN(A105)>0,_xlfn.IFNA(_xlfn.XLOOKUP(A105,KOS!U:U,KOS!N:N),""),"") | R105: =IF(LEN(A105)>0,_xlfn.IFNA(_xlfn.XLOOKUP(A105,'KOS SR'!X:X,'KOS SR'!N:N),""),"")
A106: EHDSServiceRequest13 | B106: EHDSServiceRequest | C106: quantity | D106: 0..1 | E106: Amount of requested services of the same type | F106: Quantity | H106: | | I106: =B106&IF(LEN(TRIM(C106))>0,"-","")&C106 -> EHDSServiceRequest- quantity | J106: | | K106: =IF(LEN(A106)>0,_xlfn.IFNA(_xlfn.XLOOKUP(A106,FHIR!M:M,FHIR!E:E),""),"") -> ServiceRequest-Order.quantity | L106: | | M106: =IF(LEN(TRIM(Q106))>0,Q106,R106) | N106: | | Q106: =IF(LEN(A106)>0,_xlfn.IFNA(_xlfn.XLOOKUP(A106,KOS!U:U,KOS!N:N),""),"") | R106: =IF(LEN(A106)>0,_xlfn.IFNA(_xlfn.XLOOKUP(A106,'KOS SR'!X:X,'KOS SR'!N:N),""),"")
A107: EHDSServiceRequest14 | B107: EHDSServiceRequest | C107: bodySite | D107: 0..* | E107: Anatomic location and laterality where the procedure should be performed. This is the target site. | F107: http://www.xt-ehr.eu/fhir/models/StructureDefinition/EHDSBodyStructure | H107: | | I107: =B107&IF(LEN(TRIM(C107))>0,"-","")&C107 -> EHDSServiceRequest- bodySite | J107: | | K107: =IF(LEN(A107)>0,_xlfn.IFNA(_xlfn.XLOOKUP(A107,FHIR!M:M,FHIR!E:E),""),"") -> ServiceRequest-Order.bodySite | L107: | | M107: =IF(LEN(TRIM(Q107))>0,Q107,R107) | N107: | | Q107: =IF(LEN(A107)>0,_xlfn.IFNA(_xlfn.XLOOKUP(A107,KOS!U:U,KOS!N:N),""),"") | R107: =IF(LEN(A107)>0,_xlfn.IFNA(_xlfn.XLOOKUP(A107,'KOS SR'!X:X,'KOS SR'!N:N),""),"")
A108: EHDSServiceRequest15 | B108: EHDSServiceRequest | C108: reason[x] | D108: 0..* | E108: Reason why this service is being requested. | F108: http://www.xt-ehr.eu/fhir/models/StructureDefinition/EHDSObservation | G108: ICD-10, SNOMED CT, Orphacode (preferred) | H108: | | I108: =B108&IF(LEN(TRIM(C108))>0,"-","")&C108 -> EHDSServiceRequest- reason[x] | J108: | | K108: =IF(LEN(A108)>0,_xlfn.IFNA(_xlfn.XLOOKUP(A108,FHIR!M:M,FHIR!E:E),""),"") -> ServiceRequest-Order.reasonReference | L108: | | M108: =IF(LEN(TRIM(Q108))>0,Q108,R108) | N108: | | Q108: =IF(LEN(A108)>0,_xlfn.IFNA(_xlfn.XLOOKUP(A108,KOS!U:U,KOS!N:N),""),"") | R108: =IF(LEN(A108)>0,_xlfn.IFNA(_xlfn.XLOOKUP(A108,'KOS SR'!X:X,'KOS SR'!N:N),""),"")
A109: EHDSServiceRequest16 | B109: EHDSServiceRequest | C109: reason[x] | D109: 0..* | E109: Reason why this service is being requested. | F109: http://www.xt-ehr.eu/fhir/models/StructureDefinition/EHDSCondition | G109: ICD-10, SNOMED CT, Orphacode (preferred) | H109: | | I109: =B109&IF(LEN(TRIM(C109))>0,"-","")&C109 -> EHDSServiceRequest- reason[x] | J109: | | K109: =IF(LEN(A109)>0,_xlfn.IFNA(_xlfn.XLOOKUP(A109,FHIR!M:M,FHIR!E:E),""),"") -> ServiceRequest-Order.reasonReference | L109: | | M109: =IF(LEN(TRIM(Q109))>0,Q109,R109) | N109: | | Q109: =IF(LEN(A109)>0,_xlfn.IFNA(_xlfn.XLOOKUP(A109,KOS!U:U,KOS!N:N),""),"") | R109: =IF(LEN(A109)>0,_xlfn.IFNA(_xlfn.XLOOKUP(A109,'KOS SR'!X:X,'KOS SR'!N:N),""),"")
A110: EHDSServiceRequest17 | B110: EHDSServiceRequest | C110: reason[x] | D110: 0..* | E110: Reason why this service is being requested. | F110: http://www.xt-ehr.eu/fhir/models/StructureDefinition/EHDSMedication | G110: ICD-10, SNOMED CT, Orphacode (preferred) | H110: | | I110: =B110&IF(LEN(TRIM(C110))>0,"-","")&C110 -> EHDSServiceRequest- reason[x] | J110: | | K110: =IF(LEN(A110)>0,_xlfn.IFNA(_xlfn.XLOOKUP(A110,FHIR!M:M,FHIR!E:E),""),"") -> ServiceRequest-Order.reasonReference | L110: | | M110: =IF(LEN(TRIM(Q110))>0,Q110,R110) | N110: | | Q110: =IF(LEN(A110)>0,_xlfn.IFNA(_xlfn.XLOOKUP(A110,KOS!U:U,KOS!N:N),""),"") | R110: =IF(LEN(A110)>0,_xlfn.IFNA(_xlfn.XLOOKUP(A110,'KOS SR'!X:X,'KOS SR'!N:N),""),"")
A111: EHDSServiceRequest18 | B111: EHDSServiceRequest | C111: reason[x] | D111: 0..* | E111: Reason why this service is being requested. | F111: string | G111: ICD-10, SNOMED CT, Orphacode (preferred) | H111: | | I111: =B111&IF(LEN(TRIM(C111))>0,"-","")&C111 -> EHDSServiceRequest- reason[x] | J111: | | K111: =IF(LEN(A111)>0,_xlfn.IFNA(_xlfn.XLOOKUP(A111,FHIR!M:M,FHIR!E:E),""),"") -> ServiceRequest-Order.reasonReference | L111: | | M111: =IF(LEN(TRIM(Q111))>0,Q111,R111) | N111: | | Q111: =IF(LEN(A111)>0,_xlfn.IFNA(_xlfn.XLOOKUP(A111,KOS!U:U,KOS!N:N),""),"") | R111: =IF(LEN(A111)>0,_xlfn.IFNA(_xlfn.XLOOKUP(A111,'KOS SR'!X:X,'KOS SR'!N:N),""),"")
A112: EHDSServiceRequest19 | B112: EHDSServiceRequest | C112: priority | D112: 0..1 | E112: Indicates how quickly the request should be addressed with respect to other requests. | F112: CodeableConcept | G112: HL7 Request Priority (preferred) | H112: | | I112: =B112&IF(LEN(TRIM(C112))>0,"-","")&C112 -> EHDSServiceRequest- priority | J112: | | K112: =IF(LEN(A112)>0,_xlfn.IFNA(_xlfn.XLOOKUP(A112,FHIR!M:M,FHIR!E:E),""),"") -> ServiceRequest-Order.priority | L112: | | M112: =IF(LEN(TRIM(Q112))>0,Q112,R112) | N112: | | Q112: =IF(LEN(A112)>0,_xlfn.IFNA(_xlfn.XLOOKUP(A112,KOS!U:U,KOS!N:N),""),"") | R112: =IF(LEN(A112)>0,_xlfn.IFNA(_xlfn.XLOOKUP(A112,'KOS SR'!X:X,'KOS SR'!N:N),""),"")
A113: EHDSServiceRequest20 | B113: EHDSServiceRequest | C113: supportingInformation[x] | D113: 0..* | E113: Health conditions relevant for the results interpretation, e.g. fasting status, sex for clinical use, etc. | F113: http://www.xt-ehr.eu/fhir/models/StructureDefinition/EHDSObservation | H113: | | I113: =B113&IF(LEN(TRIM(C113))>0,"-","")&C113 -> EHDSServiceRequest- supportingInformation[x] | J113: | | K113: =IF(LEN(A113)>0,_xlfn.IFNA(_xlfn.XLOOKUP(A113,FHIR!M:M,FHIR!E:E),""),"") -> ServiceRequest-Order.supportingInformation[x] | L113: | | M113: =IF(LEN(TRIM(Q113))>0,Q113,R113) | N113: | | Q113: =IF(LEN(A113)>0,_xlfn.IFNA(_xlfn.XLOOKUP(A113,KOS!U:U,KOS!N:N),""),"") | R113: =IF(LEN(A113)>0,_xlfn.IFNA(_xlfn.XLOOKUP(A113,'KOS SR'!X:X,'KOS SR'!N:N),""),"")
A114: EHDSServiceRequest21 | B114: EHDSServiceRequest | C114: supportingInformation[x] | D114: 0..* | E114: Health conditions relevant for the results interpretation, e.g. fasting status, sex for clinical use, etc. | F114: http://www.xt-ehr.eu/fhir/models/StructureDefinition/EHDSCondition | H114: | | I114: =B114&IF(LEN(TRIM(C114))>0,"-","")&C114 -> EHDSServiceRequest- supportingInformation[x] | J114: | | K114: =IF(LEN(A114)>0,_xlfn.IFNA(_xlfn.XLOOKUP(A114,FHIR!M:M,FHIR!E:E),""),"") -> ServiceRequest-Order.supportingInformation[x] | L114: | | M114: =IF(LEN(TRIM(Q114))>0,Q114,R114) | N114: | | Q114: =IF(LEN(A114)>0,_xlfn.IFNA(_xlfn.XLOOKUP(A114,KOS!U:U,KOS!N:N),""),"") | R114: =IF(LEN(A114)>0,_xlfn.IFNA(_xlfn.XLOOKUP(A114,'KOS SR'!X:X,'KOS SR'!N:N),""),"")
A115: EHDSServiceRequest22 | B115: EHDSServiceRequest | C115: supportingInformation[x] | D115: 0..* | E115: Health conditions relevant for the results interpretation, e.g. fasting status, sex for clinical use, etc. | F115: http://www.xt-ehr.eu/fhir/models/StructureDefinition/EHDSProcedure | H115: | | I115: =B115&IF(LEN(TRIM(C115))>0,"-","")&C115 -> EHDSServiceRequest- supportingInformation[x] | J115: | | K115: =IF(LEN(A115)>0,_xlfn.IFNA(_xlfn.XLOOKUP(A115,FHIR!M:M,FHIR!E:E),""),"") -> ServiceRequest-Order.supportingInformation[x] | L115: | | M115: =IF(LEN(TRIM(Q115))>0,Q115,R115) | N115: | | Q115: =IF(LEN(A115)>0,_xlfn.IFNA(_xlfn.XLOOKUP(A115,KOS!U:U,KOS!N:N),""),"") | R115: =IF(LEN(A115)>0,_xlfn.IFNA(_xlfn.XLOOKUP(A115,'KOS SR'!X:X,'KOS SR'!N:N),""),"")
A116: EHDSServiceRequest23 | B116: EHDSServiceRequest | C116: supportingInformation[x] | D116: 0..* | E116: Health conditions relevant for the results interpretation, e.g. fasting status, sex for clinical use, etc. | F116: http://www.xt-ehr.eu/fhir/models/StructureDefinition/EHDSMedicationAdministration | H116: | | I116: =B116&IF(LEN(TRIM(C116))>0,"-","")&C116 -> EHDSServiceRequest- supportingInformation[x] | J116: | | K116: =IF(LEN(A116)>0,_xlfn.IFNA(_xlfn.XLOOKUP(A116,FHIR!M:M,FHIR!E:E),""),"") -> ServiceRequest-Order.supportingInformation[x] | L116: | | M116: =IF(LEN(TRIM(Q116))>0,Q116,R116) | N116: | | Q116: =IF(LEN(A116)>0,_xlfn.IFNA(_xlfn.XLOOKUP(A116,KOS!U:U,KOS!N:N),""),"") | R116: =IF(LEN(A116)>0,_xlfn.IFNA(_xlfn.XLOOKUP(A116,'KOS SR'!X:X,'KOS SR'!N:N),""),"")
A117: EHDSServiceRequest24 | B117: EHDSServiceRequest | C117: specimen | D117: 0..* | E117: Specimens to be used by the laboratory procedure | F117: http://www.xt-ehr.eu/fhir/models/StructureDefinition/EHDSSpecimen | H117: | | I117: =B117&IF(LEN(TRIM(C117))>0,"-","")&C117 -> EHDSServiceRequest- specimen | J117: | | K117: =IF(LEN(A117)>0,_xlfn.IFNA(_xlfn.XLOOKUP(A117,FHIR!M:M,FHIR!E:E),""),"") -> ServiceRequest-Order.specimen | L117: | | M117: =IF(LEN(TRIM(Q117))>0,Q117,R117) | N117: | | Q117: =IF(LEN(A117)>0,_xlfn.IFNA(_xlfn.XLOOKUP(A117,KOS!U:U,KOS!N:N),""),"") | R117: =IF(LEN(A117)>0,_xlfn.IFNA(_xlfn.XLOOKUP(A117,'KOS SR'!X:X,'KOS SR'!N:N),""),"")
A118: EHDSServiceRequest25 | B118: EHDSServiceRequest | C118: encounter | D118: 0..1 | E118: The encounter that provides additional information about the healthcare context in which this request is made. | F118: http://www.xt-ehr.eu/fhir/models/StructureDefinition/EHDSEncounter | H118: | | I118: =B118&IF(LEN(TRIM(C118))>0,"-","")&C118 -> EHDSServiceRequest- encounter | J118: | | K118: =IF(LEN(A118)>0,_xlfn.IFNA(_xlfn.XLOOKUP(A118,FHIR!M:M,FHIR!E:E),""),"") -> ServiceRequest-Order.encounter | L118: | | M118: =IF(LEN(TRIM(Q118))>0,Q118,R118) | N118: | | Q118: =IF(LEN(A118)>0,_xlfn.IFNA(_xlfn.XLOOKUP(A118,KOS!U:U,KOS!N:N),""),"") | R118: =IF(LEN(A118)>0,_xlfn.IFNA(_xlfn.XLOOKUP(A118,'KOS SR'!X:X,'KOS SR'!N:N),""),"")
A119: EHDSServiceRequest26 | B119: EHDSServiceRequest | C119: occurrence[x] | D119: 0..1 | E119: Expected time of the service | F119: dateTime | H119: | | I119: =B119&IF(LEN(TRIM(C119))>0,"-","")&C119 -> EHDSServiceRequest- occurrence[x] | J119: | | K119: =IF(LEN(A119)>0,_xlfn.IFNA(_xlfn.XLOOKUP(A119,FHIR!M:M,FHIR!E:E),""),"") -> ServiceRequest-Order.occurrence[x] | L119: | | M119: =IF(LEN(TRIM(Q119))>0,Q119,R119) | N119: | | Q119: =IF(LEN(A119)>0,_xlfn.IFNA(_xlfn.XLOOKUP(A119,KOS!U:U,KOS!N:N),""),"") | R119: =IF(LEN(A119)>0,_xlfn.IFNA(_xlfn.XLOOKUP(A119,'KOS SR'!X:X,'KOS SR'!N:N),""),"")
A120: EHDSServiceRequest27 | B120: EHDSServiceRequest | C120: occurrence[x] | D120: 0..1 | E120: Expected time of the service | F120: Period | H120: | | I120: =B120&IF(LEN(TRIM(C120))>0,"-","")&C120 -> EHDSServiceRequest- occurrence[x] | J120: | | K120: =IF(LEN(A120)>0,_xlfn.IFNA(_xlfn.XLOOKUP(A120,FHIR!M:M,FHIR!E:E),""),"") -> ServiceRequest-Order.occurrence[x] | L120: | | M120: =IF(LEN(TRIM(Q120))>0,Q120,R120) | N120: | | Q120: =IF(LEN(A120)>0,_xlfn.IFNA(_xlfn.XLOOKUP(A120,KOS!U:U,KOS!N:N),""),"") | R120: =IF(LEN(A120)>0,_xlfn.IFNA(_xlfn.XLOOKUP(A120,'KOS SR'!X:X,'KOS SR'!N:N),""),"")
A121: EHDSServiceRequest28 | B121: EHDSServiceRequest | C121: patientInstructions | D121: 0..1 | E121: Patient or consumer-oriented instructions | F121: string | H121: | | I121: =B121&IF(LEN(TRIM(C121))>0,"-","")&C121 -> EHDSServiceRequest- patientInstructions | J121: | | K121: =IF(LEN(A121)>0,_xlfn.IFNA(_xlfn.XLOOKUP(A121,FHIR!M:M,FHIR!E:E),""),"") -> ServiceRequest-Order.patientInstructions | L121: | | M121: =IF(LEN(TRIM(Q121))>0,Q121,R121) | N121: | | Q121: =IF(LEN(A121)>0,_xlfn.IFNA(_xlfn.XLOOKUP(A121,KOS!U:U,KOS!N:N),""),"") | R121: =IF(LEN(A121)>0,_xlfn.IFNA(_xlfn.XLOOKUP(A121,'KOS SR'!X:X,'KOS SR'!N:N),""),"")
A122: EHDSSpecimen1 | B122: EHDSSpecimen | D122: 0..* | E122: Model for a specimen to be used for analysis | H122: | | I122: =B122&IF(LEN(TRIM(C122))>0,"-","")&C122 -> EHDSSpecimen | J122: | | K122: =IF(LEN(A122)>0,_xlfn.IFNA(_xlfn.XLOOKUP(A122,FHIR!M:M,FHIR!E:E),""),"") | L122: | | M122: =IF(LEN(TRIM(Q122))>0,Q122,R122) | N122: | | Q122: =IF(LEN(A122)>0,_xlfn.IFNA(_xlfn.XLOOKUP(A122,KOS!U:U,KOS!N:N),""),"") | R122: =IF(LEN(A122)>0,_xlfn.IFNA(_xlfn.XLOOKUP(A122,'KOS SR'!X:X,'KOS SR'!N:N),""),"")
A123: EHDSSpecimen2 | B123: EHDSSpecimen | C123: identifier | D123: 1..* | E123: An identifier of the specimen which is unique within in a defined scope. Example: identifier assigned by ordering system, identifier assigned by laboratory etc. Multiple identifiers can be used. | F123: Identifier | H123: | | I123: =B123&IF(LEN(TRIM(C123))>0,"-","")&C123 -> EHDSSpecimen- identifier | J123: | | K123: =IF(LEN(A123)>0,_xlfn.IFNA(_xlfn.XLOOKUP(A123,FHIR!M:M,FHIR!E:E),""),"") -> Specimen.identifier | L123: | | M123: =IF(LEN(TRIM(Q123))>0,Q123,R123) -> Specimen module-Specimen description sequence-Specimen identifier | N123: | | Q123: =IF(LEN(A123)>0,_xlfn.IFNA(_xlfn.XLOOKUP(A123,KOS!U:U,KOS!N:N),""),"") -> Specimen module-Specimen description sequence-Specimen identifier | R123: =IF(LEN(A123)>0,_xlfn.IFNA(_xlfn.XLOOKUP(A123,'KOS SR'!X:X,'KOS SR'!N:N),""),"")
A124: EHDSSpecimen3 | B124: EHDSSpecimen | C124: status | D124: 0..1 | E124: Availability of the specimen. | F124: CodeableConcept | G124: HL7 specimen-status (preferred) | H124: | | I124: =B124&IF(LEN(TRIM(C124))>0,"-","")&C124 -> EHDSSpecimen- status | J124: | | K124: =IF(LEN(A124)>0,_xlfn.IFNA(_xlfn.XLOOKUP(A124,FHIR!M:M,FHIR!E:E),""),"") -> Specimen.status | L124: | | M124: =IF(LEN(TRIM(Q124))>0,Q124,R124) | N124: | | Q124: =IF(LEN(A124)>0,_xlfn.IFNA(_xlfn.XLOOKUP(A124,KOS!U:U,KOS!N:N),""),"") | R124: =IF(LEN(A124)>0,_xlfn.IFNA(_xlfn.XLOOKUP(A124,'KOS SR'!X:X,'KOS SR'!N:N),""),"")
A125: EHDSSpecimen4 | B125: EHDSSpecimen | C125: type | D125: 0..1 | E125: The kind of material that forms the Specimen. | F125: CodeableConcept | G125: SNOMED CT (preferred) | H125: | | I125: =B125&IF(LEN(TRIM(C125))>0,"-","")&C125 -> EHDSSpecimen- type | J125: | | K125: =IF(LEN(A125)>0,_xlfn.IFNA(_xlfn.XLOOKUP(A125,FHIR!M:M,FHIR!E:E),""),"") -> Specimen.type | L125: | | M125: =IF(LEN(TRIM(Q125))>0,Q125,R125) -> Specimen module-Specimen description sequence-Specimen Type Code Sequence | N125: | | Q125: =IF(LEN(A125)>0,_xlfn.IFNA(_xlfn.XLOOKUP(A125,KOS!U:U,KOS!N:N),""),"") -> Specimen module-Specimen description sequence-Specimen Type Code Sequence | R125: =IF(LEN(A125)>0,_xlfn.IFNA(_xlfn.XLOOKUP(A125,'KOS SR'!X:X,'KOS SR'!N:N),""),"")
A126: EHDSSpecimen5 | B126: EHDSSpecimen | C126: specimenSource[x] | D126: 0..1 | E126: Where the specimen came from. This may be from patient(s), from a location (e.g., the source of an environmental sample), or a device. Additional types of specimen may be allowed in implementations. | F126: http://www.xt-ehr.eu/fhir/models/StructureDefinition/EHDSPatient | H126: | | I126: =B126&IF(LEN(TRIM(C126))>0,"-","")&C126 -> EHDSSpecimen- specimenSource[x] | J126: | | K126: =IF(LEN(A126)>0,_xlfn.IFNA(_xlfn.XLOOKUP(A126,FHIR!M:M,FHIR!E:E),""),"") -> Specimen.specimenSource[x] | L126: | | M126: =IF(LEN(TRIM(Q126))>0,Q126,R126) | N126: | | Q126: =IF(LEN(A126)>0,_xlfn.IFNA(_xlfn.XLOOKUP(A126,KOS!U:U,KOS!N:N),""),"") | R126: =IF(LEN(A126)>0,_xlfn.IFNA(_xlfn.XLOOKUP(A126,'KOS SR'!X:X,'KOS SR'!N:N),""),"")
A127: EHDSSpecimen6 | B127: EHDSSpecimen | C127: specimenSource[x] | D127: 0..1 | E127: Where the specimen came from. This may be from patient(s), from a location (e.g., the source of an environmental sample), or a device. Additional types of specimen may be allowed in implementations. | F127: http://www.xt-ehr.eu/fhir/models/StructureDefinition/EHDSLocation | H127: | | I127: =B127&IF(LEN(TRIM(C127))>0,"-","")&C127 -> EHDSSpecimen- specimenSource[x] | J127: | | K127: =IF(LEN(A127)>0,_xlfn.IFNA(_xlfn.XLOOKUP(A127,FHIR!M:M,FHIR!E:E),""),"") -> Specimen.specimenSource[x] | L127: | | M127: =IF(LEN(TRIM(Q127))>0,Q127,R127) | N127: | | Q127: =IF(LEN(A127)>0,_xlfn.IFNA(_xlfn.XLOOKUP(A127,KOS!U:U,KOS!N:N),""),"") | R127: =IF(LEN(A127)>0,_xlfn.IFNA(_xlfn.XLOOKUP(A127,'KOS SR'!X:X,'KOS SR'!N:N),""),"")
A128: EHDSSpecimen7 | B128: EHDSSpecimen | C128: specimenSource[x] | D128: 0..1 | E128: Where the specimen came from. This may be from patient(s), from a location (e.g., the source of an environmental sample), or a device. Additional types of specimen may be allowed in implementations. | F128: http://www.xt-ehr.eu/fhir/models/StructureDefinition/EHDSDevice | H128: | | I128: =B128&IF(LEN(TRIM(C128))>0,"-","")&C128 -> EHDSSpecimen- specimenSource[x] | J128: | | K128: =IF(LEN(A128)>0,_xlfn.IFNA(_xlfn.XLOOKUP(A128,FHIR!M:M,FHIR!E:E),""),"") -> Specimen.specimenSource[x] | L128: | | M128: =IF(LEN(TRIM(Q128))>0,Q128,R128) | N128: | | Q128: =IF(LEN(A128)>0,_xlfn.IFNA(_xlfn.XLOOKUP(A128,KOS!U:U,KOS!N:N),""),"") | R128: =IF(LEN(A128)>0,_xlfn.IFNA(_xlfn.XLOOKUP(A128,'KOS SR'!X:X,'KOS SR'!N:N),""),"")
A129: EHDSSpecimen8 | B129: EHDSSpecimen | C129: parentSpecimen | D129: 0..* | E129: Specimen from which this specimen originated | F129: http://www.xt-ehr.eu/fhir/models/StructureDefinition/EHDSSpecimen | H129: | | I129: =B129&IF(LEN(TRIM(C129))>0,"-","")&C129 -> EHDSSpecimen- parentSpecimen | J129: | | K129: =IF(LEN(A129)>0,_xlfn.IFNA(_xlfn.XLOOKUP(A129,FHIR!M:M,FHIR!E:E),""),"") -> Specimen.parentSpecimen | L129: | | M129: =IF(LEN(TRIM(Q129))>0,Q129,R129) | N129: | | Q129: =IF(LEN(A129)>0,_xlfn.IFNA(_xlfn.XLOOKUP(A129,KOS!U:U,KOS!N:N),""),"") | R129: =IF(LEN(A129)>0,_xlfn.IFNA(_xlfn.XLOOKUP(A129,'KOS SR'!X:X,'KOS SR'!N:N),""),"")
...

Sheet KOS
A1: IE | B1: Module | C1: Reference | I1: value | J1: DICOM | K1: MADO | M1: | | N1: KOS path | O1: | | P1: FHIR | Q1: | | R1: XtEHR | S1: | | U1: XtEHR | Z1: FHIR
M2: | | N2: -------- | O2: | | P2: -------- | Q2: | | R2: -------- | S2: |
A3: Patient | B3: PatientModule | C3: C.7.1.1 | D3: PatientModule | J3: 2 | K3: R+ | M3: | | N3: =D3&IF(LEN(E3)>0,"-","")&E3&IF(LEN(F3)>0,"-","")&F3&IF(LEN(G3)>0,"-","")&G3&IF(LEN(H3)>0,"-","")&H3 -> PatientModule | O3: | | Q3: | | R3: =+V3 -> EHDSImagingStudy.header.subject | S3: | | U3: EHDSImagingStudy3 | V3: =_xlfn.IFNA(VLOOKUP($U3, XtEHR!A:F,2,FALSE)&"."&TRIM(VLOOKUP($U3, XtEHR!A:F,3,FALSE)),"-") -> EHDSImagingStudy.header.subject | AA3: =IF(LEN(Z3)>0,_xlfn.XLOOKUP(Z3,FHIR!A:A,FHIR!E:E),"")
B4: PatientModule | C4: C.7.1.1 | D4: PatientModule | E4: PatientName | J4: 2 | K4: R+ | M4: | | N4: =D4&IF(LEN(E4)>0,"-","")&E4&IF(LEN(F4)>0,"-","")&F4&IF(LEN(G4)>0,"-","")&G4&IF(LEN(H4)>0,"-","")&H4 -> PatientModule-PatientName | O4: | | P4: =+AA4 -> Patient.name | Q4: | | R4: =+V4 -> EHDSPatient.name | S4: | | U4: EHDSPatient3 | V4: =_xlfn.IFNA(VLOOKUP($U4, XtEHR!A:F,2,FALSE)&"."&TRIM(VLOOKUP($U4, XtEHR!A:F,3,FALSE)),"-") -> EHDSPatient.name | Z4: Patient2 | AA4: =IF(LEN(Z4)>0,_xlfn.XLOOKUP(Z4,FHIR!A:A,FHIR!E:E),"") -> Patient.name
B5: PatientModule | D5: PatientModule | E5: Patient ID​ | J5: 2 | K5: R+ | M5: | | N5: =D5&IF(LEN(E5)>0,"-","")&E5&IF(LEN(F5)>0,"-","")&F5&IF(LEN(G5)>0,"-","")&G5&IF(LEN(H5)>0,"-","")&H5 -> PatientModule-Patient ID​ | O5: | | P5: =+AA5 -> Patient.identifier | Q5: | | R5: =+V5 -> EHDSPatient.identifier | S5: | | U5: EHDSPatient2 | V5: =_xlfn.IFNA(VLOOKUP($U5, XtEHR!A:F,2,FALSE)&"."&TRIM(VLOOKUP($U5, XtEHR!A:F,3,FALSE)),"-") -> EHDSPatient.identifier | Z5: Patient1 | AA5: =IF(LEN(Z5)>0,_xlfn.XLOOKUP(Z5,FHIR!A:A,FHIR!E:E),"") -> Patient.identifier | AD5: value
B6: PatientModule | D6: PatientModule | E6: Issuer of Patient ID | J6: 2 | K6: R+ | M6: | | N6: =D6&IF(LEN(E6)>0,"-","")&E6&IF(LEN(F6)>0,"-","")&F6&IF(LEN(G6)>0,"-","")&G6&IF(LEN(H6)>0,"-","")&H6 -> PatientModule-Issuer of Patient ID | O6: | | P6: =+AA6 -> Patient.identifier | Q6: | | R6: =+V6 -> EHDSPatient.identifier | S6: | | U6: EHDSPatient2 | V6: =_xlfn.IFNA(VLOOKUP($U6, XtEHR!A:F,2,FALSE)&"."&TRIM(VLOOKUP($U6, XtEHR!A:F,3,FALSE)),"-") -> EHDSPatient.identifier | Z6: Patient1 | AA6: =IF(LEN(Z6)>0,_xlfn.XLOOKUP(Z6,FHIR!A:A,FHIR!E:E),"") -> Patient.identifier | AD6: system
B7: PatientModule | D7: PatientModule | E7: Issuer of Patient ID Qualifiers Sequence | M7: | | N7: =D7&IF(LEN(E7)>0,"-","")&E7&IF(LEN(F7)>0,"-","")&F7&IF(LEN(G7)>0,"-","")&G7&IF(LEN(H7)>0,"-","")&H7 -> PatientModule-Issuer of Patient ID Qualifiers Sequence | O7: | | P7: =+AA7 -> Patient.identifier | Q7: | | R7: =+V7 -> EHDSPatient.identifier | S7: | | U7: EHDSPatient2 | V7: =_xlfn.IFNA(VLOOKUP($U7, XtEHR!A:F,2,FALSE)&"."&TRIM(VLOOKUP($U7, XtEHR!A:F,3,FALSE)),"-") -> EHDSPatient.identifier | Z7: Patient1 | AA7: =IF(LEN(Z7)>0,_xlfn.XLOOKUP(Z7,FHIR!A:A,FHIR!E:E),"") -> Patient.identifier
B8: PatientModule | D8: PatientModule | E8: Issuer of Patient ID Qualifiers Sequence | F8: Universal Entity ID | G8: Universal Entity ID | M8: | | N8: =D8&IF(LEN(E8)>0,"-","")&E8&IF(LEN(F8)>0,"-","")&F8&IF(LEN(G8)>0,"-","")&G8&IF(LEN(H8)>0,"-","")&H8 -> PatientModule-Issuer of Patient ID Qualifiers Sequence-Universal Entity ID-Universal Entity ID | O8: | | P8: =+AA8 -> Patient.identifier | Q8: | | R8: =+V8 -> EHDSPatient.identifier | S8: | | U8: EHDSPatient2 | V8: =_xlfn.IFNA(VLOOKUP($U8, XtEHR!A:F,2,FALSE)&"."&TRIM(VLOOKUP($U8, XtEHR!A:F,3,FALSE)),"-") -> EHDSPatient.identifier | Z8: Patient1 | AA8: =IF(LEN(Z8)>0,_xlfn.XLOOKUP(Z8,FHIR!A:A,FHIR!E:E),"") -> Patient.identifier
B9: PatientModule | D9: PatientModule | E9: Issuer of Patient ID Qualifiers Sequence | F9: Universal Entity ID Type | G9: Universal Entity ID Type | M9: | | N9: =D9&IF(LEN(E9)>0,"-","")&E9&IF(LEN(F9)>0,"-","")&F9&IF(LEN(G9)>0,"-","")&G9&IF(LEN(H9)>0,"-","")&H9 -> PatientModule-Issuer of Patient ID Qualifiers Sequence-Universal Entity ID Type-Universal Entity ID Type | O9: | | P9: =+AA9 -> Patient.identifier | Q9: | | R9: =+V9 -> EHDSPatient.identifier | S9: | | U9: EHDSPatient2 | V9: =_xlfn.IFNA(VLOOKUP($U9, XtEHR!A:F,2,FALSE)&"."&TRIM(VLOOKUP($U9, XtEHR!A:F,3,FALSE)),"-") -> EHDSPatient.identifier | Z9: Patient1 | AA9: =IF(LEN(Z9)>0,_xlfn.XLOOKUP(Z9,FHIR!A:A,FHIR!E:E),"") -> Patient.identifier | AD9: value (urn)
B10: PatientModule | D10: PatientModule | E10: Issuer of Patient ID Qualifiers Sequence | F10: Type of Patient ID | G10: Type of Patient ID | M10: | | N10: =D10&IF(LEN(E10)>0,"-","")&E10&IF(LEN(F10)>0,"-","")&F10&IF(LEN(G10)>0,"-","")&G10&IF(LEN(H10)>0,"-","")&H10 -> PatientModule-Issuer of Patient ID Qualifiers Sequence-Type of Patient ID-Type of Patient ID | O10: | | P10: =+AA10 -> Patient.identifier | Q10: | | R10: =+V10 -> EHDSPatient.identifier | S10: | | U10: EHDSPatient2 | V10: =_xlfn.IFNA(VLOOKUP($U10, XtEHR!A:F,2,FALSE)&"."&TRIM(VLOOKUP($U10, XtEHR!A:F,3,FALSE)),"-") -> EHDSPatient.identifier | Z10: Patient1 | AA10: =IF(LEN(Z10)>0,_xlfn.XLOOKUP(Z10,FHIR!A:A,FHIR!E:E),"") -> Patient.identifier
B11: PatientModule | D11: PatientModule | E11: Patient's Birth Date​ | J11: 1 | M11: | | N11: =D11&IF(LEN(E11)>0,"-","")&E11&IF(LEN(F11)>0,"-","")&F11&IF(LEN(G11)>0,"-","")&G11&IF(LEN(H11)>0,"-","")&H11 -> PatientModule-Patient's Birth Date​ | O11: | | P11: =+AA11 -> Patient.birthDate | Q11: | | R11: =+V11 -> EHDSPatient.dateOfBirth | S11: | | U11: EHDSPatient4 | V11: =_xlfn.IFNA(VLOOKUP($U11, XtEHR!A:F,2,FALSE)&"."&TRIM(VLOOKUP($U11, XtEHR!A:F,3,FALSE)),"-") -> EHDSPatient.dateOfBirth | Z11: Patient3 | AA11: =IF(LEN(Z11)>0,_xlfn.XLOOKUP(Z11,FHIR!A:A,FHIR!E:E),"") -> Patient.birthDate
B12: PatientModule | D12: PatientModule | E12: Patient's Sex​ | J12: 1 | M12: | | N12: =D12&IF(LEN(E12)>0,"-","")&E12&IF(LEN(F12)>0,"-","")&F12&IF(LEN(G12)>0,"-","")&G12&IF(LEN(H12)>0,"-","")&H12 -> PatientModule-Patient's Sex​ | O12: | | P12: =+AA12 -> Patient.gender | Q12: | | R12: =+V12 -> EHDSPatient.administrativeGender | S12: | | U12: EHDSPatient7 | V12: =_xlfn.IFNA(VLOOKUP($U12, XtEHR!A:F,2,FALSE)&"."&TRIM(VLOOKUP($U12, XtEHR!A:F,3,FALSE)),"-") -> EHDSPatient.administrativeGender | Z12: Patient6 | AA12: =IF(LEN(Z12)>0,_xlfn.XLOOKUP(Z12,FHIR!A:A,FHIR!E:E),"") -> Patient.gender
B13: PatientModule | D13: PatientModule | E13: Patient Comments | M13: | | N13: =D13&IF(LEN(E13)>0,"-","")&E13&IF(LEN(F13)>0,"-","")&F13&IF(LEN(G13)>0,"-","")&G13&IF(LEN(H13)>0,"-","")&H13 -> PatientModule-Patient Comments | O13: | | P13: =+AA13 | Q13: | | R13: =+V13 -> - | S13: | | V13: =_xlfn.IFNA(VLOOKUP($U13, XtEHR!A:F,2,FALSE)&"."&TRIM(VLOOKUP($U13, XtEHR!A:F,3,FALSE)),"-") -> - | AA13: =IF(LEN(Z13)>0,_xlfn.XLOOKUP(Z13,FHIR!A:A,FHIR!E:E),"")
B14: PatientModule | D14: PatientModule | E14: Other Patient IDs Sequence | M14: | | N14: =D14&IF(LEN(E14)>0,"-","")&E14&IF(LEN(F14)>0,"-","")&F14&IF(LEN(G14)>0,"-","")&G14&IF(LEN(H14)>0,"-","")&H14 -> PatientModule-Other Patient IDs Sequence | O14: | | P14: =+AA14 -> Patient.identifier | Q14: | | R14: =+V14 -> EHDSPatient.identifier | S14: | | U14: EHDSPatient2 | V14: =_xlfn.IFNA(VLOOKUP($U14, XtEHR!A:F,2,FALSE)&"."&TRIM(VLOOKUP($U14, XtEHR!A:F,3,FALSE)),"-") -> EHDSPatient.identifier | Z14: Patient1 | AA14: =IF(LEN(Z14)>0,_xlfn.XLOOKUP(Z14,FHIR!A:A,FHIR!E:E),"") -> Patient.identifier
B15: PatientModule | D15: PatientModule | E15: Other Patient IDs Sequence | F15: Patient ID | M15: | | N15: =D15&IF(LEN(E15)>0,"-","")&E15&IF(LEN(F15)>0,"-","")&F15&IF(LEN(G15)>0,"-","")&G15&IF(LEN(H15)>0,"-","")&H15 -> PatientModule-Other Patient IDs Sequence-Patient ID | O15: | | P15: =+AA15 -> Patient.identifier | Q15: | | R15: =+V15 -> EHDSPatient.identifier | S15: | | U15: EHDSPatient2 | V15: =_xlfn.IFNA(VLOOKUP($U15, XtEHR!A:F,2,FALSE)&"."&TRIM(VLOOKUP($U15, XtEHR!A:F,3,FALSE)),"-") -> EHDSPatient.identifier | Z15: Patient1 | AA15: =IF(LEN(Z15)>0,_xlfn.XLOOKUP(Z15,FHIR!A:A,FHIR!E:E),"") -> Patient.identifier | AD15: value
B16: PatientModule | D16: PatientModule | E16: Other Patient IDs Sequence | F16: Issuer of Patient ID | K16: O+ | M16: | | N16: =D16&IF(LEN(E16)>0,"-","")&E16&IF(LEN(F16)>0,"-","")&F16&IF(LEN(G16)>0,"-","")&G16&IF(LEN(H16)>0,"-","")&H16 -> PatientModule-Other Patient IDs Sequence-Issuer of Patient ID | O16: | | P16: =+AA16 -> Patient.identifier | Q16: | | R16: =+V16 -> EHDSPatient.identifier | S16: | | U16: EHDSPatient2 | V16: =_xlfn.IFNA(VLOOKUP($U16, XtEHR!A:F,2,FALSE)&"."&TRIM(VLOOKUP($U16, XtEHR!A:F,3,FALSE)),"-") -> EHDSPatient.identifier | Z16: Patient1 | AA16: =IF(LEN(Z16)>0,_xlfn.XLOOKUP(Z16,FHIR!A:A,FHIR!E:E),"") -> Patient.identifier | AD16: system
B17: PatientModule | D17: PatientModule | E17: Other Patient IDs Sequence | F17: Issuer of Patient ID Qualifiers Sequence | K17: R+ | M17: | | N17: =D17&IF(LEN(E17)>0,"-","")&E17&IF(LEN(F17)>0,"-","")&F17&IF(LEN(G17)>0,"-","")&G17&IF(LEN(H17)>0,"-","")&H17 -> PatientModule-Other Patient IDs Sequence-Issuer of Patient ID Qualifiers Sequence | O17: | | P17: =+AA17 -> Patient.identifier | Q17: | | R17: =+V17 -> EHDSPatient.identifier | S17: | | U17: EHDSPatient2 | V17: =_xlfn.IFNA(VLOOKUP($U17, XtEHR!A:F,2,FALSE)&"."&TRIM(VLOOKUP($U17, XtEHR!A:F,3,FALSE)),"-") -> EHDSPatient.identifier | Z17: Patient1 | AA17: =IF(LEN(Z17)>0,_xlfn.XLOOKUP(Z17,FHIR!A:A,FHIR!E:E),"") -> Patient.identifier
B18: PatientModule | D18: PatientModule | E18: Other Patient IDs Sequence | F18: Issuer of Patient ID Qualifiers Sequence | G18: Universal Entity ID | K18: R+ | M18: | | N18: =D18&IF(LEN(E18)>0,"-","")&E18&IF(LEN(F18)>0,"-","")&F18&IF(LEN(G18)>0,"-","")&G18&IF(LEN(H18)>0,"-","")&H18 -> PatientModule-Other Patient IDs Sequence-Issuer of Patient ID Qualifiers Sequence-Universal Entity ID | O18: | | P18: =+AA18 -> Patient.identifier | Q18: | | R18: =+V18 -> EHDSPatient.identifier | S18: | | U18: EHDSPatient2 | V18: =_xlfn.IFNA(VLOOKUP($U18, XtEHR!A:F,2,FALSE)&"."&TRIM(VLOOKUP($U18, XtEHR!A:F,3,FALSE)),"-") -> EHDSPatient.identifier | Z18: Patient1 | AA18: =IF(LEN(Z18)>0,_xlfn.XLOOKUP(Z18,FHIR!A:A,FHIR!E:E),"") -> Patient.identifier | AD18: system
B19: PatientModule | D19: PatientModule | E19: Other Patient IDs Sequence | F19: Issuer of Patient ID Qualifiers Sequence | G19: Universal Entity ID Type | K19: RC+ | M19: | | N19: =D19&IF(LEN(E19)>0,"-","")&E19&IF(LEN(F19)>0,"-","")&F19&IF(LEN(G19)>0,"-","")&G19&IF(LEN(H19)>0,"-","")&H19 -> PatientModule-Other Patient IDs Sequence-Issuer of Patient ID Qualifiers Sequence-Universal Entity ID Type | O19: | | P19: =+AA19 -> Patient.identifier | Q19: | | R19: =+V19 -> EHDSPatient.identifier | S19: | | U19: EHDSPatient2 | V19: =_xlfn.IFNA(VLOOKUP($U19, XtEHR!A:F,2,FALSE)&"."&TRIM(VLOOKUP($U19, XtEHR!A:F,3,FALSE)),"-") -> EHDSPatient.identifier | Z19: Patient1 | AA19: =IF(LEN(Z19)>0,_xlfn.XLOOKUP(Z19,FHIR!A:A,FHIR!E:E),"") -> Patient.identifier | AD19: value (urn)
B20: PatientModule | D20: PatientModule | E20: Other Patient IDs Sequence | F20: Issuer of Patient ID Qualifiers Sequence | G20: Type of Patient ID | M20: | | N20: =D20&IF(LEN(E20)>0,"-","")&E20&IF(LEN(F20)>0,"-","")&F20&IF(LEN(G20)>0,"-","")&G20&IF(LEN(H20)>0,"-","")&H20 -> PatientModule-Other Patient IDs Sequence-Issuer of Patient ID Qualifiers Sequence-Type of Patient ID | O20: | | P20: =+AA20 -> Patient.identifier | Q20: | | R20: =+V20 -> EHDSPatient.identifier | S20: | | U20: EHDSPatient2 | V20: =_xlfn.IFNA(VLOOKUP($U20, XtEHR!A:F,2,FALSE)&"."&TRIM(VLOOKUP($U20, XtEHR!A:F,3,FALSE)),"-") -> EHDSPatient.identifier | Z20: Patient1 | AA20: =IF(LEN(Z20)>0,_xlfn.XLOOKUP(Z20,FHIR!A:A,FHIR!E:E),"") -> Patient.identifier
B21: PatientModule | D21: PatientModule | E21: PatientSpeciesDescription | I21: When not human | J21: 1C | M21: | | N21: =D21&IF(LEN(E21)>0,"-","")&E21&IF(LEN(F21)>0,"-","")&F21&IF(LEN(G21)>0,"-","")&G21&IF(LEN(H21)>0,"-","")&H21 -> PatientModule-PatientSpeciesDescription | O21: | | P21: =+AA21 -> Patient.extension[patient-animal]extension[species] | Q21: | | R21: =+V21 -> - | S21: | | V21: =_xlfn.IFNA(VLOOKUP($U21, XtEHR!A:F,2,FALSE)&"."&TRIM(VLOOKUP($U21, XtEHR!A:F,3,FALSE)),"-") -> - | Z21: Patient10 | AA21: =IF(LEN(Z21)>0,_xlfn.XLOOKUP(Z21,FHIR!A:A,FHIR!E:E),"") -> Patient.extension[patient-animal]extension[species]
B22: PatientModule | D22: PatientModule | E22: Patient Species Code Sequence | I22: When not human | J22: 1C | M22: | | N22: =D22&IF(LEN(E22)>0,"-","")&E22&IF(LEN(F22)>0,"-","")&F22&IF(LEN(G22)>0,"-","")&G22&IF(LEN(H22)>0,"-","")&H22 -> PatientModule-Patient Species Code Sequence | O22: | | P22: =+AA22 -> Patient.extension[patient-animal]extension[species] | Q22: | | R22: =+V22 -> - | S22: | | V22: =_xlfn.IFNA(VLOOKUP($U22, XtEHR!A:F,2,FALSE)&"."&TRIM(VLOOKUP($U22, XtEHR!A:F,3,FALSE)),"-") -> - | Z22: Patient10 | AA22: =IF(LEN(Z22)>0,_xlfn.XLOOKUP(Z22,FHIR!A:A,FHIR!E:E),"") -> Patient.extension[patient-animal]extension[species]
B23: PatientModule | D23: PatientModule | E23: Patient Breed description | I23: When not human | M23: | | N23: =D23&IF(LEN(E23)>0,"-","")&E23&IF(LEN(F23)>0,"-","")&F23&IF(LEN(G23)>0,"-","")&G23&IF(LEN(H23)>0,"-","")&H23 -> PatientModule-Patient Breed description | O23: | | P23: =+AA23 -> Patient.extension[patient-animal].extension[breed] | Q23: | | R23: =+V23 -> - | S23: | | V23: =_xlfn.IFNA(VLOOKUP($U23, XtEHR!A:F,2,FALSE)&"."&TRIM(VLOOKUP($U23, XtEHR!A:F,3,FALSE)),"-") -> - | Z23: Patient11 | AA23: =IF(LEN(Z23)>0,_xlfn.XLOOKUP(Z23,FHIR!A:A,FHIR!E:E),"") -> Patient.extension[patient-animal].extension[breed]
B24: PatientModule | D24: PatientModule | E24: Patient Breed Code Sequence | I24: When not human | M24: | | N24: =D24&IF(LEN(E24)>0,"-","")&E24&IF(LEN(F24)>0,"-","")&F24&IF(LEN(G24)>0,"-","")&G24&IF(LEN(H24)>0,"-","")&H24 -> PatientModule-Patient Breed Code Sequence | O24: | | P24: =+AA24 -> Patient.extension[patient-animal].extension[breed] | Q24: | | R24: =+V24 -> - | S24: | | V24: =_xlfn.IFNA(VLOOKUP($U24, XtEHR!A:F,2,FALSE)&"."&TRIM(VLOOKUP($U24, XtEHR!A:F,3,FALSE)),"-") -> - | Z24: Patient11 | AA24: =IF(LEN(Z24)>0,_xlfn.XLOOKUP(Z24,FHIR!A:A,FHIR!E:E),"") -> Patient.extension[patient-animal].extension[breed]
M25: | | N25: =D25&IF(LEN(E25)>0,"-","")&E25&IF(LEN(F25)>0,"-","")&F25&IF(LEN(G25)>0,"-","")&G25&IF(LEN(H25)>0,"-","")&H25 | O25: | | P25: =+AA25 | Q25: | | R25: =+V25 -> - | S25: | | V25: =_xlfn.IFNA(VLOOKUP($U25, XtEHR!A:F,2,FALSE)&"."&TRIM(VLOOKUP($U25, XtEHR!A:F,3,FALSE)),"-") -> - | AA25: =IF(LEN(Z25)>0,_xlfn.XLOOKUP(Z25,FHIR!A:A,FHIR!E:E),"")
A26: Study | B26: General Study | C26: C.7.2.1 | D26: General Study | E26: StudyInstanceUID | J26: 1 | M26: | | N26: =D26&IF(LEN(E26)>0,"-","")&E26&IF(LEN(F26)>0,"-","")&F26&IF(LEN(G26)>0,"-","")&G26&IF(LEN(H26)>0,"-","")&H26 -> General Study-StudyInstanceUID | O26: | | P26: =+AA26 -> ImagingStudy.identifier[studyInstanceUid] | Q26: | | R26: =+V26 -> EHDSImagingStudy.header.identifier | S26: | | U26: EHDSImagingStudy4 | V26: =_xlfn.IFNA(VLOOKUP($U26, XtEHR!A:F,2,FALSE)&"."&TRIM(VLOOKUP($U26, XtEHR!A:F,3,FALSE)),"-") -> EHDSImagingStudy.header.identifier | Z26: ImagingStudy3 | AA26: =IF(LEN(Z26)>0,_xlfn.XLOOKUP(Z26,FHIR!A:A,FHIR!E:E),"") -> ImagingStudy.identifier[studyInstanceUid] | AD26: value
D27: General Study | E27: StudyID | J27: 2 | M27: | | N27: =D27&IF(LEN(E27)>0,"-","")&E27&IF(LEN(F27)>0,"-","")&F27&IF(LEN(G27)>0,"-","")&G27&IF(LEN(H27)>0,"-","")&H27 -> General Study-StudyID | O27: | | P27: =+AA27 -> ImagingStudy.identifier[studyUid] | Q27: | | R27: =+V27 -> - | S27: | | V27: =_xlfn.IFNA(VLOOKUP($U27, XtEHR!A:F,2,FALSE)&"."&TRIM(VLOOKUP($U27, XtEHR!A:F,3,FALSE)),"-") -> - | Z27: ImagingStudy3.1 | AA27: =IF(LEN(Z27)>0,_xlfn.XLOOKUP(Z27,FHIR!A:A,FHIR!E:E),"") -> ImagingStudy.identifier[studyUid] | AD27: value
D28: General Study | E28: Modality | I28: SR | M28: | | N28: =D28&IF(LEN(E28)>0,"-","")&E28&IF(LEN(F28)>0,"-","")&F28&IF(LEN(G28)>0,"-","")&G28&IF(LEN(H28)>0,"-","")&H28 -> General Study-Modality | O28: | | P28: =+AA28 -> ImagingStudy.modality | Q28: | | R28: =+V28 -> EHDSImagingStudy.modality | S28: | | U28: EHDSImagingStudy11 | V28: =_xlfn.IFNA(VLOOKUP($U28, XtEHR!A:F,2,FALSE)&"."&TRIM(VLOOKUP($U28, XtEHR!A:F,3,FALSE)),"-") -> EHDSImagingStudy.modality | Z28: ImagingStudy6 | AA28: =IF(LEN(Z28)>0,_xlfn.XLOOKUP(Z28,FHIR!A:A,FHIR!E:E),"") -> ImagingStudy.modality
D29: General Study | E29: StudyDate | J29: 2 | K29: R+ | M29: | | N29: =D29&IF(LEN(E29)>0,"-","")&E29&IF(LEN(F29)>0,"-","")&F29&IF(LEN(G29)>0,"-","")&G29&IF(LEN(H29)>0,"-","")&H29 -> General Study-StudyDate | O29: | | P29: =+AA29 -> ImagingStudy.started | Q29: | | R29: =+V29 -> EHDSImagingStudy.started | S29: | | U29: EHDSImagingStudy14 | V29: =_xlfn.IFNA(VLOOKUP($U29, XtEHR!A:F,2,FALSE)&"."&TRIM(VLOOKUP($U29, XtEHR!A:F,3,FALSE)),"-") -> EHDSImagingStudy.started | Z29: ImagingStudy10 | AA29: =IF(LEN(Z29)>0,_xlfn.XLOOKUP(Z29,FHIR!A:A,FHIR!E:E),"") -> ImagingStudy.started
D30: General Study | E30: StudyTime | J30: 2 | K30: R+ | M30: | | N30: =D30&IF(LEN(E30)>0,"-","")&E30&IF(LEN(F30)>0,"-","")&F30&IF(LEN(G30)>0,"-","")&G30&IF(LEN(H30)>0,"-","")&H30 -> General Study-StudyTime | O30: | | P30: =+AA30 -> ImagingStudy.started | Q30: | | R30: =+V30 -> EHDSImagingStudy.started | S30: | | U30: EHDSImagingStudy14 | V30: =_xlfn.IFNA(VLOOKUP($U30, XtEHR!A:F,2,FALSE)&"."&TRIM(VLOOKUP($U30, XtEHR!A:F,3,FALSE)),"-") -> EHDSImagingStudy.started | Z30: ImagingStudy10 | AA30: =IF(LEN(Z30)>0,_xlfn.XLOOKUP(Z30,FHIR!A:A,FHIR!E:E),"") -> ImagingStudy.started
D31: General Study | E31: AccessionNumber | J31: 2 | K31: O+ | M31: | | N31: =D31&IF(LEN(E31)>0,"-","")&E31&IF(LEN(F31)>0,"-","")&F31&IF(LEN(G31)>0,"-","")&G31&IF(LEN(H31)>0,"-","")&H31 -> General Study-AccessionNumber | O31: | | P31: =+AA31 -> ServiceRequest-Order.identifier | Q31: | | R31: =+V31 -> EHDSServiceRequest.header.identifier | S31: | | U31: EHDSServiceRequest4 | V31: =_xlfn.IFNA(VLOOKUP($U31, XtEHR!A:F,2,FALSE)&"."&TRIM(VLOOKUP($U31, XtEHR!A:F,3,FALSE)),"-") -> EHDSServiceRequest.header.identifier | Z31: Order2 | AA31: =IF(LEN(Z31)>0,_xlfn.XLOOKUP(Z31,FHIR!A:A,FHIR!E:E),"") -> ServiceRequest-Order.identifier | AD31: value
D32: General Study | E32: IssuerOfAccessionNumberSequence | K32: RC+ | M32: | | N32: =D32&IF(LEN(E32)>0,"-","")&E32&IF(LEN(F32)>0,"-","")&F32&IF(LEN(G32)>0,"-","")&G32&IF(LEN(H32)>0,"-","")&H32 -> General Study-IssuerOfAccessionNumberSequence | O32: | | P32: =+AA32 -> ServiceRequest-Order.identifier | Q32: | | R32: =+V32 -> EHDSServiceRequest.header.identifier | S32: | | U32: EHDSServiceRequest4 | V32: =_xlfn.IFNA(VLOOKUP($U32, XtEHR!A:F,2,FALSE)&"."&TRIM(VLOOKUP($U32, XtEHR!A:F,3,FALSE)),"-") -> EHDSServiceRequest.header.identifier | Z32: Order2 | AA32: =IF(LEN(Z32)>0,_xlfn.XLOOKUP(Z32,FHIR!A:A,FHIR!E:E),"") -> ServiceRequest-Order.identifier
D33: General Study | E33: IssuerOfAccessionNumberSequence | F33: UniversalEntityIdType | M33: | | N33: =D33&IF(LEN(E33)>0,"-","")&E33&IF(LEN(F33)>0,"-","")&F33&IF(LEN(G33)>0,"-","")&G33&IF(LEN(H33)>0,"-","")&H33 -> General Study-IssuerOfAccessionNumberSequence-UniversalEntityIdType | O33: | | P33: =+AA33 -> ServiceRequest-Order.identifier | Q33: | | R33: =+V33 -> EHDSServiceRequest.header.identifier | S33: | | U33: EHDSServiceRequest4 | V33: =_xlfn.IFNA(VLOOKUP($U33, XtEHR!A:F,2,FALSE)&"."&TRIM(VLOOKUP($U33, XtEHR!A:F,3,FALSE)),"-") -> EHDSServiceRequest.header.identifier | Z33: Order2 | AA33: =IF(LEN(Z33)>0,_xlfn.XLOOKUP(Z33,FHIR!A:A,FHIR!E:E),"") -> ServiceRequest-Order.identifier | AD33: type
D34: General Study | E34: IssuerOfAccessionNumberSequence | F34: UniversalEntityId | M34: | | N34: =D34&IF(LEN(E34)>0,"-","")&E34&IF(LEN(F34)>0,"-","")&F34&IF(LEN(G34)>0,"-","")&G34&IF(LEN(H34)>0,"-","")&H34 -> General Study-IssuerOfAccessionNumberSequence-UniversalEntityId | O34: | | P34: =+AA34 -> ServiceRequest-Order.identifier | Q34: | | R34: =+V34 -> EHDSServiceRequest.header.identifier | S34: | | U34: EHDSServiceRequest4 | V34: =_xlfn.IFNA(VLOOKUP($U34, XtEHR!A:F,2,FALSE)&"."&TRIM(VLOOKUP($U34, XtEHR!A:F,3,FALSE)),"-") -> EHDSServiceRequest.header.identifier | Z34: Order2 | AA34: =IF(LEN(Z34)>0,_xlfn.XLOOKUP(Z34,FHIR!A:A,FHIR!E:E),"") -> ServiceRequest-Order.identifier | AD34: ?
D35: General Study | E35: Study Description | F35: Study Description | M35: | | N35: =D35&IF(LEN(E35)>0,"-","")&E35&IF(LEN(F35)>0,"-","")&F35&IF(LEN(G35)>0,"-","")&G35&IF(LEN(H35)>0,"-","")&H35 -> General Study-Study Description-Study Description | O35: | | P35: =+AA35 -> ImagingStudy.description | Q35: | | R35: =+V35 -> EHDSServiceRequest.header.identifier | S35: | | U35: EHDSServiceRequest4 | V35: =_xlfn.IFNA(VLOOKUP($U35, XtEHR!A:F,2,FALSE)&"."&TRIM(VLOOKUP($U35, XtEHR!A:F,3,FALSE)),"-") -> EHDSServiceRequest.header.identifier | Z35: ImagingStudy23 | AA35: =IF(LEN(Z35)>0,_xlfn.XLOOKUP(Z35,FHIR!A:A,FHIR!E:E),"") -> ImagingStudy.description
D36: General Study | E36: RefferringPhusician's Name | J36: 2 | M36: | | N36: =D36&IF(LEN(E36)>0,"-","")&E36&IF(LEN(F36)>0,"-","")&F36&IF(LEN(G36)>0,"-","")&G36&IF(LEN(H36)>0,"-","")&H36 -> General Study-RefferringPhusician's Name | O36: | | P36: =+AA36 -> ServiceRequest-Order.reasonReference | Q36: | | R36: =+V36 -> - | S36: | | V36: =_xlfn.IFNA(VLOOKUP($U36, XtEHR!A:F,2,FALSE)&"."&TRIM(VLOOKUP($U36, XtEHR!A:F,3,FALSE)),"-") -> - | Z36: Order13 | AA36: =IF(LEN(Z36)>0,_xlfn.XLOOKUP(Z36,FHIR!A:A,FHIR!E:E),"") -> ServiceRequest-Order.reasonReference | AD36: -> | AE36: ServiceRequest-RequestedProcedure | AF36: requester | AG36: -> | AH36: Practitioner | AI36: name
D37: General Study | E37: Reason For Performed Procedure Code Sequence | J37: 3 | M37: | | N37: =D37&IF(LEN(E37)>0,"-","")&E37&IF(LEN(F37)>0,"-","")&F37&IF(LEN(G37)>0,"-","")&G37&IF(LEN(H37)>0,"-","")&H37 -> General Study-Reason For Performed Procedure Code Sequence | O37: | | P37: =+AA37 | Q37: | | R37: =+V37 -> - | S37: | | V37: =_xlfn.IFNA(VLOOKUP($U37, XtEHR!A:F,2,FALSE)&"."&TRIM(VLOOKUP($U37, XtEHR!A:F,3,FALSE)),"-") -> - | AA37: =IF(LEN(Z37)>0,_xlfn.XLOOKUP(Z37,FHIR!A:A,FHIR!E:E),"")
M38: | | O38: | | Q38: | | S38: | | AA38: =IF(LEN(Z38)>0,_xlfn.XLOOKUP(Z38,FHIR!A:A,FHIR!E:E),"")
A39: Equipment | B39: General Equipment | C39: C.7.5.1 | D39: General Equipment | E39: Manufacturer | I39: Configuration - KOS author | M39: | | N39: =D39&IF(LEN(E39)>0,"-","")&E39&IF(LEN(F39)>0,"-","")&F39&IF(LEN(G39)>0,"-","")&G39&IF(LEN(H39)>0,"-","")&H39 -> General Equipment-Manufacturer | O39: | | P39: =+AA39 -> MhDDocumentReference.author[madoDevice] | Q39: | | R39: =+V39 -> EHDSImagingStudy.header.author[EHDSDevice] | S39: | | U39: EHDSImagingStudy7 | V39: =_xlfn.IFNA(VLOOKUP($U39, XtEHR!A:F,2,FALSE)&"."&TRIM(VLOOKUP($U39, XtEHR!A:F,3,FALSE)),"-") -> EHDSImagingStudy.header.author[EHDSDevice] | Z39: MhdDocRef8 | AA39: =IF(LEN(Z39)>0,_xlfn.XLOOKUP(Z39,FHIR!A:A,FHIR!E:E),"") -> MhDDocumentReference.author[madoDevice] | AD39: -> | AE39: Device-Author | AF39: manufacturer
D40: General Equipment | E40: Institution Name | I40: Configuration - KOS author | M40: | | N40: =D40&IF(LEN(E40)>0,"-","")&E40&IF(LEN(F40)>0,"-","")&F40&IF(LEN(G40)>0,"-","")&G40&IF(LEN(H40)>0,"-","")&H40 -> General Equipment-Institution Name | O40: | | P40: =+AA40 -> MhDDocumentReference.author[organization] | Q40: | | R40: =+V40 -> EHDSImagingStudy.header.author[EHDSOrganization] | S40: | | U40: EHDSImagingStudy6 | V40: =_xlfn.IFNA(VLOOKUP($U40, XtEHR!A:F,2,FALSE)&"."&TRIM(VLOOKUP($U40, XtEHR!A:F,3,FALSE)),"-") -> EHDSImagingStudy.header.author[EHDSOrganization] | Z40: MhdDocRef9 | AA40: =IF(LEN(Z40)>0,_xlfn.XLOOKUP(Z40,FHIR!A:A,FHIR!E:E),"") -> MhDDocumentReference.author[organization] | AD40: -> | AE40: Device-Author | AF40: owner | AG40: -> | AH40: Organization | AI40: name
D41: General Equipment | E41: Institution Code Sequence | I41: Configuration - KOS author | M41: | | N41: =D41&IF(LEN(E41)>0,"-","")&E41&IF(LEN(F41)>0,"-","")&F41&IF(LEN(G41)>0,"-","")&G41&IF(LEN(H41)>0,"-","")&H41 -> General Equipment-Institution Code Sequence | O41: | | P41: =+AA41 -> MhDDocumentReference.author[organization] | Q41: | | R41: =+V41 -> EHDSImagingStudy.header.author[EHDSOrganization] | S41: | | U41: EHDSImagingStudy6 | V41: =_xlfn.IFNA(VLOOKUP($U41, XtEHR!A:F,2,FALSE)&"."&TRIM(VLOOKUP($U41, XtEHR!A:F,3,FALSE)),"-") -> EHDSImagingStudy.header.author[EHDSOrganization] | Z41: MhdDocRef9 | AA41: =IF(LEN(Z41)>0,_xlfn.XLOOKUP(Z41,FHIR!A:A,FHIR!E:E),"") -> MhDDocumentReference.author[organization] | AD41: -> | AE41: Device-Author | AF41: owner | AG41: -> | AH41: Organization | AI41: type
M42: | | O42: | | Q42: | | S42: | | AA42: =IF(LEN(Z42)>0,_xlfn.XLOOKUP(Z42,FHIR!A:A,FHIR!E:E),"")
A43: SR Document | B43: Key Object Document | C43: C.17.6.2 | D43: Key Object Document | E43: Referenced Request Sequence | F43: Study Instance UID | K43: R+ | M43: | | N43: =D43&IF(LEN(E43)>0,"-","")&E43&IF(LEN(F43)>0,"-","")&F43&IF(LEN(G43)>0,"-","")&G43&IF(LEN(H43)>0,"-","")&H43 -> Key Object Document-Referenced Request Sequence-Study Instance UID | O43: | | P43: =+AA43 -> ImagingStudy.identifier[studyInstanceUid] | Q43: | | R43: =+V43 -> EHDSImagingStudy4.EHDSImagingStudy | S43: | | U43: EHDSImagingStudy4 | V43: =_xlfn.IFNA(VLOOKUP($U43, XtEHR!A:F,1,FALSE)&"."&TRIM(VLOOKUP($U43, XtEHR!A:F,2,FALSE)),"-") -> EHDSImagingStudy4.EHDSImagingStudy | Z43: ImagingStudy3 | AA43: =IF(LEN(Z43)>0,_xlfn.XLOOKUP(Z43,FHIR!A:A,FHIR!E:E),"") -> ImagingStudy.identifier[studyInstanceUid]
D44: Key Object Document | E44: Referenced Request Sequence | F44: AccessionNumber | K44: R+ | M44: | | N44: =D44&IF(LEN(E44)>0,"-","")&E44&IF(LEN(F44)>0,"-","")&F44&IF(LEN(G44)>0,"-","")&G44&IF(LEN(H44)>0,"-","")&H44 -> Key Object Document-Referenced Request Sequence-AccessionNumber | O44: | | P44: =+AA44 -> ServiceRequest-Order.identifier | Q44: | | R44: =+V44 -> EHDSServiceRequest.header.identifier | S44: | | U44: EHDSServiceRequest4 | V44: =_xlfn.IFNA(VLOOKUP($U44, XtEHR!A:F,2,FALSE)&"."&TRIM(VLOOKUP($U44, XtEHR!A:F,3,FALSE)),"-") -> EHDSServiceRequest.header.identifier | Z44: Order2 | AA44: =IF(LEN(Z44)>0,_xlfn.XLOOKUP(Z44,FHIR!A:A,FHIR!E:E),"") -> ServiceRequest-Order.identifier | AD44: -> | AE44: ServiceRequest-RequestedProcedure | AF44: identifier[accession] | AG44: value
D45: Key Object Document | E45: Referenced Request Sequence | F45: IssuerOfAccessionNumberSequence | G45: Universal Entity ID | K45: R+ | M45: | | N45: =D45&IF(LEN(E45)>0,"-","")&E45&IF(LEN(F45)>0,"-","")&F45&IF(LEN(G45)>0,"-","")&G45&IF(LEN(H45)>0,"-","")&H45 -> Key Object Document-Referenced Request Sequence-IssuerOfAccessionNumberSequence-Universal Entity ID | O45: | | P45: =+AA45 -> ServiceRequest-Order.identifier | Q45: | | R45: =+V45 -> EHDSServiceRequest.header.identifier | S45: | | U45: EHDSServiceRequest4 | V45: =_xlfn.IFNA(VLOOKUP($U45, XtEHR!A:F,2,FALSE)&"."&TRIM(VLOOKUP($U45, XtEHR!A:F,3,FALSE)),"-") -> EHDSServiceRequest.header.identifier | Z45: Order2 | AA45: =IF(LEN(Z45)>0,_xlfn.XLOOKUP(Z45,FHIR!A:A,FHIR!E:E),"") -> ServiceRequest-Order.identifier | AD45: -> | AE45: ServiceRequest-RequestedProcedure | AF45: identifier[accession] | AG45: system
D46: Key Object Document | E46: Referenced Request Sequence | F46: IssuerOfAccessionNumberSequence | G46: Universal Entity ID Type | K46: R+ | M46: | | N46: =D46&IF(LEN(E46)>0,"-","")&E46&IF(LEN(F46)>0,"-","")&F46&IF(LEN(G46)>0,"-","")&G46&IF(LEN(H46)>0,"-","")&H46 -> Key Object Document-Referenced Request Sequence-IssuerOfAccessionNumberSequence-Universal Entity ID Type | O46: | | P46: =+AA46 -> ServiceRequest-Order.identifier | Q46: | | R46: =+V46 -> EHDSServiceRequest.header.identifier | S46: | | U46: EHDSServiceRequest4 | V46: =_xlfn.IFNA(VLOOKUP($U46, XtEHR!A:F,2,FALSE)&"."&TRIM(VLOOKUP($U46, XtEHR!A:F,3,FALSE)),"-") -> EHDSServiceRequest.header.identifier | Z46: Order2 | AA46: =IF(LEN(Z46)>0,_xlfn.XLOOKUP(Z46,FHIR!A:A,FHIR!E:E),"") -> ServiceRequest-Order.identifier | AD46: -> | AE46: ServiceRequest-RequestedProcedure | AF46: identifier[accession] | AG46: value (urn)
D47: Key Object Document | E47: Referenced Request Sequence | F47: Placer Order Number | M47: | | N47: =D47&IF(LEN(E47)>0,"-","")&E47&IF(LEN(F47)>0,"-","")&F47&IF(LEN(G47)>0,"-","")&G47&IF(LEN(H47)>0,"-","")&H47 -> Key Object Document-Referenced Request Sequence-Placer Order Number | O47: | | P47: =+AA47 -> ServiceRequest-Order.identifier | Q47: | | R47: =+V47 -> EHDSServiceRequest.header.identifier | S47: | | U47: EHDSServiceRequest4 | V47: =_xlfn.IFNA(VLOOKUP($U47, XtEHR!A:F,2,FALSE)&"."&TRIM(VLOOKUP($U47, XtEHR!A:F,3,FALSE)),"-") -> EHDSServiceRequest.header.identifier | Z47: Order2 | AA47: =IF(LEN(Z47)>0,_xlfn.XLOOKUP(Z47,FHIR!A:A,FHIR!E:E),"") -> ServiceRequest-Order.identifier | AD47: -> | AE47: ServiceRequest-RequestedProcedure | AF47: identifier[order] | AG47: value
D48: Key Object Document | E48: Referenced Request Sequence | F48: Order Placer Identifier Sequence | G48: Universal Entity ID | K48: R+ | M48: | | N48: =D48&IF(LEN(E48)>0,"-","")&E48&IF(LEN(F48)>0,"-","")&F48&IF(LEN(G48)>0,"-","")&G48&IF(LEN(H48)>0,"-","")&H48 -> Key Object Document-Referenced Request Sequence-Order Placer Identifier Sequence-Universal Entity ID | O48: | | P48: =+AA48 -> ServiceRequest-Order.identifier | Q48: | | R48: =+V48 -> EHDSServiceRequest.header.identifier | S48: | | U48: EHDSServiceRequest4 | V48: =_xlfn.IFNA(VLOOKUP($U48, XtEHR!A:F,2,FALSE)&"."&TRIM(VLOOKUP($U48, XtEHR!A:F,3,FALSE)),"-") -> EHDSServiceRequest.header.identifier | Z48: Order2 | AA48: =IF(LEN(Z48)>0,_xlfn.XLOOKUP(Z48,FHIR!A:A,FHIR!E:E),"") -> ServiceRequest-Order.identifier | AD48: -> | AE48: ServiceRequest-RequestedProcedure | AF48: identifier[order] | AG48: system
D49: Key Object Document | E49: Referenced Request Sequence | F49: Order Placer Identifier Sequence | G49: Universal Entity ID Type | K49: RC+ | M49: | | N49: =D49&IF(LEN(E49)>0,"-","")&E49&IF(LEN(F49)>0,"-","")&F49&IF(LEN(G49)>0,"-","")&G49&IF(LEN(H49)>0,"-","")&H49 -> Key Object Document-Referenced Request Sequence-Order Placer Identifier Sequence-Universal Entity ID Type | O49: | | P49: =+AA49 -> ServiceRequest-Order.identifier | Q49: | | R49: =+V49 -> EHDSServiceRequest.header.identifier | S49: | | U49: EHDSServiceRequest4 | V49: =_xlfn.IFNA(VLOOKUP($U49, XtEHR!A:F,2,FALSE)&"."&TRIM(VLOOKUP($U49, XtEHR!A:F,3,FALSE)),"-") -> EHDSServiceRequest.header.identifier | Z49: Order2 | AA49: =IF(LEN(Z49)>0,_xlfn.XLOOKUP(Z49,FHIR!A:A,FHIR!E:E),"") -> ServiceRequest-Order.identifier | AD49: -> | AE49: ServiceRequest-RequestedProcedure | AF49: identifier[order] | AG49: value (urn)
D50: Key Object Document | E50: Content Date | J50: 1 | M50: | | N50: =D50&IF(LEN(E50)>0,"-","")&E50&IF(LEN(F50)>0,"-","")&F50&IF(LEN(G50)>0,"-","")&G50&IF(LEN(H50)>0,"-","")&H50 -> Key Object Document-Content Date | O50: | | P50: =+AA50 -> MhDDocumentReference.date | Q50: | | R50: =+V50 -> EHDSImagingStudy.header.date | S50: | | U50: EHDSImagingStudy8 | V50: =_xlfn.IFNA(VLOOKUP($U50, XtEHR!A:F,2,FALSE)&"."&TRIM(VLOOKUP($U50, XtEHR!A:F,3,FALSE)),"-") -> EHDSImagingStudy.header.date | Z50: MhdDocRef7 | AA50: =IF(LEN(Z50)>0,_xlfn.XLOOKUP(Z50,FHIR!A:A,FHIR!E:E),"") -> MhDDocumentReference.date
D51: Key Object Document | E51: Content Time | J51: 1 | M51: | | N51: =D51&IF(LEN(E51)>0,"-","")&E51&IF(LEN(F51)>0,"-","")&F51&IF(LEN(G51)>0,"-","")&G51&IF(LEN(H51)>0,"-","")&H51 -> Key Object Document-Content Time | O51: | | P51: =+AA51 -> MhDDocumentReference.date | Q51: | | R51: =+V51 -> EHDSImagingStudy.header.date | S51: | | U51: EHDSImagingStudy8 | V51: =_xlfn.IFNA(VLOOKUP($U51, XtEHR!A:F,2,FALSE)&"."&TRIM(VLOOKUP($U51, XtEHR!A:F,3,FALSE)),"-") -> EHDSImagingStudy.header.date | Z51: MhdDocRef7 | AA51: =IF(LEN(Z51)>0,_xlfn.XLOOKUP(Z51,FHIR!A:A,FHIR!E:E),"") -> MhDDocumentReference.date
D52: Key Object Document | E52: Instance Number | J52: 1 | M52: | | N52: =D52&IF(LEN(E52)>0,"-","")&E52&IF(LEN(F52)>0,"-","")&F52&IF(LEN(G52)>0,"-","")&G52&IF(LEN(H52)>0,"-","")&H52 -> Key Object Document-Instance Number | O52: | | P52: =+AA52 | Q52: | | R52: =+V52 -> EHDSImagingStudy.header.date | S52: | | U52: EHDSImagingStudy8 | V52: =_xlfn.IFNA(VLOOKUP($U52, XtEHR!A:F,2,FALSE)&"."&TRIM(VLOOKUP($U52, XtEHR!A:F,3,FALSE)),"-") -> EHDSImagingStudy.header.date | AA52: =IF(LEN(Z52)>0,_xlfn.XLOOKUP(Z52,FHIR!A:A,FHIR!E:E),"")
D53: Key Object Document | E53: Current Requested Procedure Evidence Sequence | F53: Retrieve Location UID | K53: R+ | M53: | | N53: =D53&IF(LEN(E53)>0,"-","")&E53&IF(LEN(F53)>0,"-","")&F53&IF(LEN(G53)>0,"-","")&G53&IF(LEN(H53)>0,"-","")&H53 -> Key Object Document-Current Requested Procedure Evidence Sequence-Retrieve Location UID | O53: | | P53: =+AA53 -> Endpoint-XcWADO.extension[locationUid] | Q53: | | R53: =+V53 -> - | S53: | | V53: =_xlfn.IFNA(VLOOKUP($U53, XtEHR!A:F,2,FALSE)&"."&TRIM(VLOOKUP($U53, XtEHR!A:F,3,FALSE)),"-") -> - | Z53: XcWado10.1 | AA53: =IF(LEN(Z53)>0,_xlfn.XLOOKUP(Z53,FHIR!A:A,FHIR!E:E),"") -> Endpoint-XcWADO.extension[locationUid] | AD53: -> | AE53: EndpointXcWADO | AF53: extension[locationUid}
D54: Key Object Document | E54: Current Requested Procedure Evidence Sequence | F54: Retrieve URL | K54: O+ | M54: | | N54: =D54&IF(LEN(E54)>0,"-","")&E54&IF(LEN(F54)>0,"-","")&F54&IF(LEN(G54)>0,"-","")&G54&IF(LEN(H54)>0,"-","")&H54 -> Key Object Document-Current Requested Procedure Evidence Sequence-Retrieve URL | O54: | | P54: =+AA54 -> Endpoint-XcWADO.address | Q54: | | R54: =+V54 -> EHDSEndpoint.address | S54: | | U54: EHDSEndpoint12 | V54: =_xlfn.IFNA(VLOOKUP($U54, XtEHR!A:F,2,FALSE)&"."&TRIM(VLOOKUP($U54, XtEHR!A:F,3,FALSE)),"-") -> EHDSEndpoint.address | Z54: =_xlfn.XLOOKUP(U54,FHIR!M:M,FHIR!A:A) -> XcWado11 | AA54: =IF(LEN(Z54)>0,_xlfn.XLOOKUP(Z54,FHIR!A:A,FHIR!E:E),"") -> Endpoint-XcWADO.address | AE54: EndpointXcWADO | AF54: address
D55: Key Object Document | E55: Current Requested Procedure Evidence Sequence | F55: Study Instance UID | K55: R+ | M55: | | N55: =D55&IF(LEN(E55)>0,"-","")&E55&IF(LEN(F55)>0,"-","")&F55&IF(LEN(G55)>0,"-","")&G55&IF(LEN(H55)>0,"-","")&H55 -> Key Object Document-Current Requested Procedure Evidence Sequence-Study Instance UID | O55: | | P55: =+AA55 -> ImagingStudy.identifier[studyInstanceUid] | Q55: | | R55: =+V55 -> EHDSImagingStudy.header.identifier | S55: | | U55: EHDSImagingStudy4 | V55: =_xlfn.IFNA(VLOOKUP($U55, XtEHR!A:F,2,FALSE)&"."&TRIM(VLOOKUP($U55, XtEHR!A:F,3,FALSE)),"-") -> EHDSImagingStudy.header.identifier | Z55: =_xlfn.XLOOKUP(U55,FHIR!M:M,FHIR!A:A) -> ImagingStudy3 | AA55: =IF(LEN(Z55)>0,_xlfn.XLOOKUP(Z55,FHIR!A:A,FHIR!E:E),"") -> ImagingStudy.identifier[studyInstanceUid]
D56: Key Object Document | E56: Current Requested Procedure Evidence Sequence | F56: Referenced Series Sequence | G56: Retrieve AE Title | J56: 3 | M56: | | N56: =D56&IF(LEN(E56)>0,"-","")&E56&IF(LEN(F56)>0,"-","")&F56&IF(LEN(G56)>0,"-","")&G56&IF(LEN(H56)>0,"-","")&H56 -> Key Object Document-Current Requested Procedure Evidence Sequence-Referenced Series Sequence-Retrieve AE Title | O56: | | P56: =+AA56 | Q56: | | R56: =+V56 -> - | S56: | | V56: =_xlfn.IFNA(VLOOKUP($U56, XtEHR!A:F,2,FALSE)&"."&TRIM(VLOOKUP($U56, XtEHR!A:F,3,FALSE)),"-") -> - | AA56: =IF(LEN(Z56)>0,_xlfn.XLOOKUP(Z56,FHIR!A:A,FHIR!E:E),"")
D57: Key Object Document | E57: Current Requested Procedure Evidence Sequence | F57: Referenced Series Sequence | G57: Retrieve URL | M57: | | N57: =D57&IF(LEN(E57)>0,"-","")&E57&IF(LEN(F57)>0,"-","")&F57&IF(LEN(G57)>0,"-","")&G57&IF(LEN(H57)>0,"-","")&H57 -> Key Object Document-Current Requested Procedure Evidence Sequence-Referenced Series Sequence-Retrieve URL | O57: | | P57: =+AA57 -> Endpoint-XcWADO.address | Q57: | | R57: =+V57 -> EHDSEndpoint.address | S57: | | U57: EHDSEndpoint12 | V57: =_xlfn.IFNA(VLOOKUP($U57, XtEHR!A:F,2,FALSE)&"."&TRIM(VLOOKUP($U57, XtEHR!A:F,3,FALSE)),"-") -> EHDSEndpoint.address | Z57: =_xlfn.XLOOKUP(U57,FHIR!M:M,FHIR!A:A) -> XcWado11 | AA57: =IF(LEN(Z57)>0,_xlfn.XLOOKUP(Z57,FHIR!A:A,FHIR!E:E),"") -> Endpoint-XcWADO.address | AD57: -> | AE57: EndpointXcWADO | AF57: address
D58: Key Object Document | E58: Current Requested Procedure Evidence Sequence | F58: Referenced Series Sequence | G58: Referenced SOP Sequence | J58: 1 | M58: | | N58: =D58&IF(LEN(E58)>0,"-","")&E58&IF(LEN(F58)>0,"-","")&F58&IF(LEN(G58)>0,"-","")&G58&IF(LEN(H58)>0,"-","")&H58 -> Key Object Document-Current Requested Procedure Evidence Sequence-Referenced Series Sequence-Referenced SOP Sequence | O58: | | P58: =+AA58 | Q58: | | R58: =+V58 -> - | S58: | | V58: =_xlfn.IFNA(VLOOKUP($U58, XtEHR!A:F,2,FALSE)&"."&TRIM(VLOOKUP($U58, XtEHR!A:F,3,FALSE)),"-") -> - | AA58: =IF(LEN(Z58)>0,_xlfn.XLOOKUP(Z58,FHIR!A:A,FHIR!E:E),"")
D59: Key Object Document | E59: Current Requested Procedure Evidence Sequence | F59: Referenced Series Sequence | G59: Referenced SOP Sequence | H59: Referenced SOP Class UID | M59: | | N59: =D59&IF(LEN(E59)>0,"-","")&E59&IF(LEN(F59)>0,"-","")&F59&IF(LEN(G59)>0,"-","")&G59&IF(LEN(H59)>0,"-","")&H59 -> Key Object Document-Current Requested Procedure Evidence Sequence-Referenced Series Sequence-Referenced SOP Sequence-Referenced SOP Class UID | O59: | | P59: =+AA59 -> ImagingStudy.series.instance.sopClass | Q59: | | R59: =+V59 -> - | S59: | | V59: =_xlfn.IFNA(VLOOKUP($U59, XtEHR!A:F,2,FALSE)&"."&TRIM(VLOOKUP($U59, XtEHR!A:F,3,FALSE)),"-") -> - | Z59: ImagingStudy38 | AA59: =IF(LEN(Z59)>0,_xlfn.XLOOKUP(Z59,FHIR!A:A,FHIR!E:E),"") -> ImagingStudy.series.instance.sopClass
D60: Key Object Document | E60: Current Requested Procedure Evidence Sequence | F60: Referenced Series Sequence | G60: Referenced SOP Sequence | H60: Referenced SOP Instance UID | M60: | | N60: =D60&IF(LEN(E60)>0,"-","")&E60&IF(LEN(F60)>0,"-","")&F60&IF(LEN(G60)>0,"-","")&G60&IF(LEN(H60)>0,"-","")&H60 -> Key Object Document-Current Requested Procedure Evidence Sequence-Referenced Series Sequence-Referenced SOP Sequence-Referenced SOP Instance UID | O60: | | P60: =+AA60 -> ImagingStudy.series.instance.uid | Q60: | | R60: =+V60 -> - | S60: | | V60: =_xlfn.IFNA(VLOOKUP($U60, XtEHR!A:F,2,FALSE)&"."&TRIM(VLOOKUP($U60, XtEHR!A:F,3,FALSE)),"-") -> - | Z60: ImagingStudy37 | AA60: =IF(LEN(Z60)>0,_xlfn.XLOOKUP(Z60,FHIR!A:A,FHIR!E:E),"") -> ImagingStudy.series.instance.uid
D61: Key Object Document | E61: Current Requested Procedure Evidence Sequence | F61: Referenced Series Sequence | G61: Referenced SOP Sequence | M61: | | N61: =D61&IF(LEN(E61)>0,"-","")&E61&IF(LEN(F61)>0,"-","")&F61&IF(LEN(G61)>0,"-","")&G61&IF(LEN(H61)>0,"-","")&H61 -> Key Object Document-Current Requested Procedure Evidence Sequence-Referenced Series Sequence-Referenced SOP Sequence | O61: | | P61: =+AA61 | Q61: | | R61: =+V61 -> - | S61: | | V61: =_xlfn.IFNA(VLOOKUP($U61, XtEHR!A:F,2,FALSE)&"."&TRIM(VLOOKUP($U61, XtEHR!A:F,3,FALSE)),"-") -> - | AA61: =IF(LEN(Z61)>0,_xlfn.XLOOKUP(Z61,FHIR!A:A,FHIR!E:E),"")
D62: Key Object Document | E62: Current Requested Procedure Evidence Sequence | F62: Referenced Series Sequence | G62: Series Instance UID | J62: 1 | M62: | | N62: =D62&IF(LEN(E62)>0,"-","")&E62&IF(LEN(F62)>0,"-","")&F62&IF(LEN(G62)>0,"-","")&G62&IF(LEN(H62)>0,"-","")&H62 -> Key Object Document-Current Requested Procedure Evidence Sequence-Referenced Series Sequence-Series Instance UID | O62: | | P62: =+AA62 -> ImagingStudy.series.uid | Q62: | | R62: =+V62 -> EHDSImagingStudy.series.seriesUid | S62: | | U62: EHDSImagingStudy22 | V62: =_xlfn.IFNA(VLOOKUP($U62, XtEHR!A:F,2,FALSE)&"."&TRIM(VLOOKUP($U62, XtEHR!A:F,3,FALSE)),"-") -> EHDSImagingStudy.series.seriesUid | Z62: =_xlfn.XLOOKUP(U62,FHIR!M:M,FHIR!A:A) -> ImagingStudy25 | AA62: =IF(LEN(Z62)>0,_xlfn.XLOOKUP(Z62,FHIR!A:A,FHIR!E:E),"") -> ImagingStudy.series.uid
D63: Key Object Document | E63: Current Requested Procedure Evidence Sequence | F63: Referenced Series Sequence | G63: Retrieve Location UID | J63: 3 | M63: | | N63: =D63&IF(LEN(E63)>0,"-","")&E63&IF(LEN(F63)>0,"-","")&F63&IF(LEN(G63)>0,"-","")&G63&IF(LEN(H63)>0,"-","")&H63 -> Key Object Document-Current Requested Procedure Evidence Sequence-Referenced Series Sequence-Retrieve Location UID | O63: | | P63: =+AA63 -> Endpoint-XcWADO.extension[locationUid] | Q63: | | R63: =+V63 -> - | S63: | | V63: =_xlfn.IFNA(VLOOKUP($U63, XtEHR!A:F,2,FALSE)&"."&TRIM(VLOOKUP($U63, XtEHR!A:F,3,FALSE)),"-") -> - | Z63: XcWado10.1 | AA63: =IF(LEN(Z63)>0,_xlfn.XLOOKUP(Z63,FHIR!A:A,FHIR!E:E),"") -> Endpoint-XcWADO.extension[locationUid] | AD63: -> | AE63: EndpointXcWADO | AF63: extension[locationUid}
M64: | | N64: =D64&IF(LEN(E64)>0,"-","")&E64&IF(LEN(F64)>0,"-","")&F64&IF(LEN(G64)>0,"-","")&G64&IF(LEN(H64)>0,"-","")&H64 | O64: | | P64: =+AA64 | Q64: | | R64: =+V64 -> - | S64: | | V64: =_xlfn.IFNA(VLOOKUP($U64, XtEHR!A:F,2,FALSE)&"."&TRIM(VLOOKUP($U64, XtEHR!A:F,3,FALSE)),"-") -> - | AA64: =IF(LEN(Z64)>0,_xlfn.XLOOKUP(Z64,FHIR!A:A,FHIR!E:E),"")
B65: SOP Common | C65: C.12.1 | D65: SOP Common | E65: SOP Class UID | I65: 1.2.840.10008.5.1.4.1.1.88.59 | M65: | | N65: =D65&IF(LEN(E65)>0,"-","")&E65&IF(LEN(F65)>0,"-","")&F65&IF(LEN(G65)>0,"-","")&G65&IF(LEN(H65)>0,"-","")&H65 -> SOP Common-SOP Class UID | O65: | | P65: =+AA65 | Q65: | | R65: =+V65 -> - | S65: | | V65: =_xlfn.IFNA(VLOOKUP($U65, XtEHR!A:F,2,FALSE)&"."&TRIM(VLOOKUP($U65, XtEHR!A:F,3,FALSE)),"-") -> - | AA65: =IF(LEN(Z65)>0,_xlfn.XLOOKUP(Z65,FHIR!A:A,FHIR!E:E),"")
B66: SOP Common | C66: C.12.1 | D66: SOP Common | E66: SOP Instance UID | M66: | | N66: =D66&IF(LEN(E66)>0,"-","")&E66&IF(LEN(F66)>0,"-","")&F66&IF(LEN(G66)>0,"-","")&G66&IF(LEN(H66)>0,"-","")&H66 -> SOP Common-SOP Instance UID | O66: | | P66: =+AA66 | Q66: | | R66: =+V66 -> - | S66: | | V66: =_xlfn.IFNA(VLOOKUP($U66, XtEHR!A:F,2,FALSE)&"."&TRIM(VLOOKUP($U66, XtEHR!A:F,3,FALSE)),"-") -> - | AA66: =IF(LEN(Z66)>0,_xlfn.XLOOKUP(Z66,FHIR!A:A,FHIR!E:E),"")
M67: | | O67: | | Q67: | | S67: | | AA67: =IF(LEN(Z67)>0,_xlfn.XLOOKUP(Z67,FHIR!A:A,FHIR!E:E),"")
A68: Series | B68: Key Object Document Series | C68: C.17.6.1 | D68: Key Object Document Series | E68: Series Date | K68: X | M68: | | N68: =D68&IF(LEN(E68)>0,"-","")&E68&IF(LEN(F68)>0,"-","")&F68&IF(LEN(G68)>0,"-","")&G68&IF(LEN(H68)>0,"-","")&H68 -> Key Object Document Series-Series Date | O68: | | P68: =T(AA68) -> ImagingStudy.series.started | Q68: | | R68: =+V68 -> EHDSImagingStudy.series.started | S68: | | U68: EHDSImagingStudy30 | V68: =_xlfn.IFNA(VLOOKUP($U68, XtEHR!A:F,2,FALSE)&"."&TRIM(VLOOKUP($U68, XtEHR!A:F,3,FALSE)),"-") -> EHDSImagingStudy.series.started | Z68: =_xlfn.XLOOKUP(U68,FHIR!M:M,FHIR!A:A) -> ImagingStudy34 | AA68: =IF(LEN(Z68)>0,_xlfn.XLOOKUP(Z68,FHIR!A:A,FHIR!E:E),"") -> ImagingStudy.series.started
B69: Key Object Document Series | C69: C.17.6.1 | D69: Key Object Document Series | E69: Series Time | K69: X | M69: | | N69: =D69&IF(LEN(E69)>0,"-","")&E69&IF(LEN(F69)>0,"-","")&F69&IF(LEN(G69)>0,"-","")&G69&IF(LEN(H69)>0,"-","")&H69 -> Key Object Document Series-Series Time | O69: | | P69: =T(AA69) -> ImagingStudy.series.started | Q69: | | R69: =+V69 -> EHDSImagingStudy.series.started | S69: | | U69: EHDSImagingStudy30 | V69: =_xlfn.IFNA(VLOOKUP($U69, XtEHR!A:F,2,FALSE)&"."&TRIM(VLOOKUP($U69, XtEHR!A:F,3,FALSE)),"-") -> EHDSImagingStudy.series.started | Z69: =_xlfn.XLOOKUP(U69,FHIR!M:M,FHIR!A:A) -> ImagingStudy34 | AA69: =IF(LEN(Z69)>0,_xlfn.XLOOKUP(Z69,FHIR!A:A,FHIR!E:E),"") -> ImagingStudy.series.started
A70: Series | B70: Key Object Document Series | C70: C.17.6.1 | D70: Key Object Document Series | E70: Series Date | K70: X | M70: | | N70: =D70&IF(LEN(E70)>0,"-","")&E70&IF(LEN(F70)>0,"-","")&F70&IF(LEN(G70)>0,"-","")&G70&IF(LEN(H70)>0,"-","")&H70 -> Key Object Document Series-Series Date | O70: | | P70: =T(AA70) -> ImagingStudy.started | Q70: | | R70: =+V70 -> EHDSImagingStudy.started | S70: | | U70: EHDSImagingStudy14 | V70: =_xlfn.IFNA(VLOOKUP($U70, XtEHR!A:F,2,FALSE)&"."&TRIM(VLOOKUP($U70, XtEHR!A:F,3,FALSE)),"-") -> EHDSImagingStudy.started | Z70: =_xlfn.XLOOKUP(U70,FHIR!M:M,FHIR!A:A) -> ImagingStudy10 | AA70: =IF(LEN(Z70)>0,_xlfn.XLOOKUP(Z70,FHIR!A:A,FHIR!E:E),"") -> ImagingStudy.started
B71: Key Object Document Series | C71: C.17.6.1 | D71: Key Object Document Series | E71: Series Time | K71: X | M71: | | N71: =D71&IF(LEN(E71)>0,"-","")&E71&IF(LEN(F71)>0,"-","")&F71&IF(LEN(G71)>0,"-","")&G71&IF(LEN(H71)>0,"-","")&H71 -> Key Object Document Series-Series Time | O71: | | P71: =T(AA71) -> ImagingStudy.started | Q71: | | R71: =+V71 -> EHDSImagingStudy.started | S71: | | U71: EHDSImagingStudy14 | V71: =_xlfn.IFNA(VLOOKUP($U71, XtEHR!A:F,2,FALSE)&"."&TRIM(VLOOKUP($U71, XtEHR!A:F,3,FALSE)),"-") -> EHDSImagingStudy.started | Z71: =_xlfn.XLOOKUP(U71,FHIR!M:M,FHIR!A:A) -> ImagingStudy10 | AA71: =IF(LEN(Z71)>0,_xlfn.XLOOKUP(Z71,FHIR!A:A,FHIR!E:E),"") -> ImagingStudy.started
B72: Key Object Document Series | C72: C.17.6.1 | D72: Key Object Document Series | E72: Modality | J72: 1 | M72: | | N72: =D72&IF(LEN(E72)>0,"-","")&E72&IF(LEN(F72)>0,"-","")&F72&IF(LEN(G72)>0,"-","")&G72&IF(LEN(H72)>0,"-","")&H72 -> Key Object Document Series-Modality | O72: | | P72: =T(AA72) -> ImagingStudy.series.modality | Q72: | | R72: =+V72 -> EHDSImagingStudy.series.seriesModality | S72: | | U72: EHDSImagingStudy24 | V72: =_xlfn.IFNA(VLOOKUP($U72, XtEHR!A:F,2,FALSE)&"."&TRIM(VLOOKUP($U72, XtEHR!A:F,3,FALSE)),"-") -> EHDSImagingStudy.series.seriesModality | Z72: =_xlfn.XLOOKUP(U72,FHIR!M:M,FHIR!A:A) -> ImagingStudy27 | AA72: =IF(LEN(Z72)>0,_xlfn.XLOOKUP(Z72,FHIR!A:A,FHIR!E:E),"") -> ImagingStudy.series.modality
B73: Key Object Document Series | C73: C.17.6.1 | D73: Key Object Document Series | E73: Series Description | K73: X | M73: | | N73: =D73&IF(LEN(E73)>0,"-","")&E73&IF(LEN(F73)>0,"-","")&F73&IF(LEN(G73)>0,"-","")&G73&IF(LEN(H73)>0,"-","")&H73 -> Key Object Document Series-Series Description | O73: | | P73: =T(AA73) -> ImagingStudy.series.description | Q73: | | R73: =+V73 -> EHDSImagingStudy.series.description | S73: | | U73: EHDSImagingStudy25 | V73: =_xlfn.IFNA(VLOOKUP($U73, XtEHR!A:F,2,FALSE)&"."&TRIM(VLOOKUP($U73, XtEHR!A:F,3,FALSE)),"-") -> EHDSImagingStudy.series.description | Z73: =_xlfn.XLOOKUP(U73,FHIR!M:M,FHIR!A:A) -> ImagingStudy28 | AA73: =IF(LEN(Z73)>0,_xlfn.XLOOKUP(Z73,FHIR!A:A,FHIR!E:E),"") -> ImagingStudy.series.description
B74: Key Object Document Series | C74: C.17.6.1 | D74: Key Object Document Series | E74: Series Description Code Sequence | J74: 2 | M74: | | N74: =D74&IF(LEN(E74)>0,"-","")&E74&IF(LEN(F74)>0,"-","")&F74&IF(LEN(G74)>0,"-","")&G74&IF(LEN(H74)>0,"-","")&H74 -> Key Object Document Series-Series Description Code Sequence | O74: | | P74: =T(AA74) -> ImagingStudy.series.description | Q74: | | R74: =+V74 -> - | S74: | | V74: =_xlfn.IFNA(VLOOKUP($U74, XtEHR!A:F,2,FALSE)&"."&TRIM(VLOOKUP($U74, XtEHR!A:F,3,FALSE)),"-") -> - | Z74: ImagingStudy28 | AA74: =IF(LEN(Z74)>0,_xlfn.XLOOKUP(Z74,FHIR!A:A,FHIR!E:E),"") -> ImagingStudy.series.description
B75: Key Object Document Series | C75: C.17.6.1 | D75: Key Object Document Series | E75: Protocol Name | M75: | | N75: =D75&IF(LEN(E75)>0,"-","")&E75&IF(LEN(F75)>0,"-","")&F75&IF(LEN(G75)>0,"-","")&G75&IF(LEN(H75)>0,"-","")&H75 -> Key Object Document Series-Protocol Name | O75: | | P75: =T(AA75) | Q75: | | R75: =+V75 -> - | S75: | | V75: =_xlfn.IFNA(VLOOKUP($U75, XtEHR!A:F,2,FALSE)&"."&TRIM(VLOOKUP($U75, XtEHR!A:F,3,FALSE)),"-") -> - | AA75: =IF(LEN(Z75)>0,_xlfn.XLOOKUP(Z75,FHIR!A:A,FHIR!E:E),"")
B76: Key Object Document Series | C76: C.17.6.1 | D76: Key Object Document Series | E76: Series Number | J76: 1 | M76: | | N76: =D76&IF(LEN(E76)>0,"-","")&E76&IF(LEN(F76)>0,"-","")&F76&IF(LEN(G76)>0,"-","")&G76&IF(LEN(H76)>0,"-","")&H76 -> Key Object Document Series-Series Number | O76: | | P76: =T(AA76) -> ImagingStudy.series.number | Q76: | | R76: =+V76 -> EHDSImagingStudy.series.number | S76: | | U76: EHDSImagingStudy23 | V76: =_xlfn.IFNA(VLOOKUP($U76, XtEHR!A:F,2,FALSE)&"."&TRIM(VLOOKUP($U76, XtEHR!A:F,3,FALSE)),"-") -> EHDSImagingStudy.series.number | Z76: =_xlfn.XLOOKUP(U76,FHIR!M:M,FHIR!A:A) -> ImagingStudy26 | AA76: =IF(LEN(Z76)>0,_xlfn.XLOOKUP(Z76,FHIR!A:A,FHIR!E:E),"") -> ImagingStudy.series.number
B77: Key Object Document Series | C77: C.17.6.1 | D77: Key Object Document Series | E77: Series Instance UID | J77: 1 | M77: | | N77: =D77&IF(LEN(E77)>0,"-","")&E77&IF(LEN(F77)>0,"-","")&F77&IF(LEN(G77)>0,"-","")&G77&IF(LEN(H77)>0,"-","")&H77 -> Key Object Document Series-Series Instance UID | O77: | | P77: =T(AA77) -> ImagingStudy.series.uid | Q77: | | R77: =+V77 -> EHDSImagingStudy.series.seriesUid | S77: | | U77: EHDSImagingStudy22 | V77: =_xlfn.IFNA(VLOOKUP($U77, XtEHR!A:F,2,FALSE)&"."&TRIM(VLOOKUP($U77, XtEHR!A:F,3,FALSE)),"-") -> EHDSImagingStudy.series.seriesUid | Z77: =_xlfn.XLOOKUP(U77,FHIR!M:M,FHIR!A:A) -> ImagingStudy25 | AA77: =IF(LEN(Z77)>0,_xlfn.XLOOKUP(Z77,FHIR!A:A,FHIR!E:E),"") -> ImagingStudy.series.uid
M78: | | N78: =D78&IF(LEN(E78)>0,"-","")&E78&IF(LEN(F78)>0,"-","")&F78&IF(LEN(G78)>0,"-","")&G78&IF(LEN(H78)>0,"-","")&H78 | O78: | | P78: =T(AA78) | Q78: | | R78: =+V78 -> - | S78: | | V78: =_xlfn.IFNA(VLOOKUP($U78, XtEHR!A:F,2,FALSE)&"."&TRIM(VLOOKUP($U78, XtEHR!A:F,3,FALSE)),"-") -> - | AA78: =IF(LEN(Z78)>0,_xlfn.XLOOKUP(Z78,FHIR!A:A,FHIR!E:E),"")
B79: SR Document Content | C79: C.17.3 | D79: SR Document Content | E79: Content Template Sequence | F79: Template Identifier | I79: 2010 | J79: 1C | M79: | | N79: =D79&IF(LEN(E79)>0,"-","")&E79&IF(LEN(F79)>0,"-","")&F79&IF(LEN(G79)>0,"-","")&G79&IF(LEN(H79)>0,"-","")&H79 -> SR Document Content-Content Template Sequence-Template Identifier | O79: | | P79: =T(AA79) | Q79: | | R79: =+V79 -> - | S79: | | V79: =_xlfn.IFNA(VLOOKUP($U79, XtEHR!A:F,2,FALSE)&"."&TRIM(VLOOKUP($U79, XtEHR!A:F,3,FALSE)),"-") -> - | AA79: =IF(LEN(Z79)>0,_xlfn.XLOOKUP(Z79,FHIR!A:A,FHIR!E:E),"")
D80: SR Document Content | E80: Content Template Sequence | F80: Template Identifier | I80: DCMR | J80: 1 | M80: | | N80: =D80&IF(LEN(E80)>0,"-","")&E80&IF(LEN(F80)>0,"-","")&F80&IF(LEN(G80)>0,"-","")&G80&IF(LEN(H80)>0,"-","")&H80 -> SR Document Content-Content Template Sequence-Template Identifier | O80: | | P80: =T(AA80) | Q80: | | R80: =+V80 -> - | S80: | | V80: =_xlfn.IFNA(VLOOKUP($U80, XtEHR!A:F,2,FALSE)&"."&TRIM(VLOOKUP($U80, XtEHR!A:F,3,FALSE)),"-") -> - | AA80: =IF(LEN(Z80)>0,_xlfn.XLOOKUP(Z80,FHIR!A:A,FHIR!E:E),"")
M81: | | N81: =D81&IF(LEN(E81)>0,"-","")&E81&IF(LEN(F81)>0,"-","")&F81&IF(LEN(G81)>0,"-","")&G81&IF(LEN(H81)>0,"-","")&H81 | O81: | | P81: =T(AA81) | Q81: | | R81: =+V81 -> - | S81: | | V81: =_xlfn.IFNA(VLOOKUP($U81, XtEHR!A:F,2,FALSE)&"."&TRIM(VLOOKUP($U81, XtEHR!A:F,3,FALSE)),"-") -> - | AA81: =IF(LEN(Z81)>0,_xlfn.XLOOKUP(Z81,FHIR!A:A,FHIR!E:E),"")
D82: Specimen module | E82: Container Identifier | J82: 1 | M82: | | N82: =D82&IF(LEN(E82)>0,"-","")&E82&IF(LEN(F82)>0,"-","")&F82&IF(LEN(G82)>0,"-","")&G82&IF(LEN(H82)>0,"-","")&H82 -> Specimen module-Container Identifier | O82: | | P82: =T(AA82) | Q82: | | R82: =+V82 -> EHDSDevice-Container.instanceIdentifier | S82: | | U82: EHDSDeviceCont1 | V82: =_xlfn.IFNA(VLOOKUP($U82, XtEHR!A:F,2,FALSE)&"."&TRIM(VLOOKUP($U82, XtEHR!A:F,3,FALSE)),"-") -> EHDSDevice-Container.instanceIdentifier | Z82: Device-SpecCont1 | AA82: =IF(LEN(Z82)>0,_xlfn.XLOOKUP(Z82,FHIR!A:A,FHIR!E:E),"") -> 0 | AD82: /-> | AE82: Device.identifier
D83: Specimen module | E83: Issuer of container identifier | J83: 2 | M83: | | N83: =D83&IF(LEN(E83)>0,"-","")&E83&IF(LEN(F83)>0,"-","")&F83&IF(LEN(G83)>0,"-","")&G83&IF(LEN(H83)>0,"-","")&H83 -> Specimen module-Issuer of container identifier | O83: | | P83: =T(AA83) | Q83: | | R83: =+V83 -> EHDSDevice-Container.instanceIdentifier | S83: | | U83: EHDSDeviceCont1 | V83: =_xlfn.IFNA(VLOOKUP($U83, XtEHR!A:F,2,FALSE)&"."&TRIM(VLOOKUP($U83, XtEHR!A:F,3,FALSE)),"-") -> EHDSDevice-Container.instanceIdentifier | Z83: Device-SpecCont1 | AA83: =IF(LEN(Z83)>0,_xlfn.XLOOKUP(Z83,FHIR!A:A,FHIR!E:E),"") -> 0 | AD83: /-> | AE83: Device.identifier
D84: Specimen module | E84: alternate container identifier | M84: | | N84: =D84&IF(LEN(E84)>0,"-","")&E84&IF(LEN(F84)>0,"-","")&F84&IF(LEN(G84)>0,"-","")&G84&IF(LEN(H84)>0,"-","")&H84 -> Specimen module-alternate container identifier | O84: | | P84: =T(AA84) | Q84: | | R84: =+V84 -> - | S84: | | V84: =_xlfn.IFNA(VLOOKUP($U84, XtEHR!A:F,2,FALSE)&"."&TRIM(VLOOKUP($U84, XtEHR!A:F,3,FALSE)),"-") -> - | Z84: Device-SpecCont1 | AA84: =IF(LEN(Z84)>0,_xlfn.XLOOKUP(Z84,FHIR!A:A,FHIR!E:E),"") -> 0 | AD84: /-> | AE84: Device.identifier
D85: Specimen module | E85: Container type code sequence | M85: | | N85: =D85&IF(LEN(E85)>0,"-","")&E85&IF(LEN(F85)>0,"-","")&F85&IF(LEN(G85)>0,"-","")&G85&IF(LEN(H85)>0,"-","")&H85 -> Specimen module-Container type code sequence | O85: | | P85: =T(AA85) | Q85: | | R85: =+V85 -> EHDSDevice-Container.type | S85: | | U85: EHDSDeviceCont12 | V85: =_xlfn.IFNA(VLOOKUP($U85, XtEHR!A:F,2,FALSE)&"."&TRIM(VLOOKUP($U85, XtEHR!A:F,3,FALSE)),"-") -> EHDSDevice-Container.type | Z85: Device-SpecCont12 | AA85: =IF(LEN(Z85)>0,_xlfn.XLOOKUP(Z85,FHIR!A:A,FHIR!E:E),"") -> 0 | AD85: /-> | AE85: Device.type
D86: Specimen module | E86: Container description | M86: | | N86: =D86&IF(LEN(E86)>0,"-","")&E86&IF(LEN(F86)>0,"-","")&F86&IF(LEN(G86)>0,"-","")&G86&IF(LEN(H86)>0,"-","")&H86 -> Specimen module-Container description | O86: | | P86: =T(AA86) | Q86: | | R86: =+V86 -> - | S86: | | U86: EHDSDevice-Container | V86: =_xlfn.IFNA(VLOOKUP($U86, XtEHR!A:F,2,FALSE)&"."&TRIM(VLOOKUP($U86, XtEHR!A:F,3,FALSE)),"-") -> - | AA86: =IF(LEN(Z86)>0,_xlfn.XLOOKUP(Z86,FHIR!A:A,FHIR!E:E),"") | AD86: /-> | AE86: Device.name
D87: Specimen module | E87: Container component sequence | M87: | | N87: =D87&IF(LEN(E87)>0,"-","")&E87&IF(LEN(F87)>0,"-","")&F87&IF(LEN(G87)>0,"-","")&G87&IF(LEN(H87)>0,"-","")&H87 -> Specimen module-Container component sequence | O87: | | P87: =T(AA87) | Q87: | | R87: =+V87 -> - | S87: | | V87: =_xlfn.IFNA(VLOOKUP($U87, XtEHR!A:F,2,FALSE)&"."&TRIM(VLOOKUP($U87, XtEHR!A:F,3,FALSE)),"-") -> - | AA87: =IF(LEN(Z87)>0,_xlfn.XLOOKUP(Z87,FHIR!A:A,FHIR!E:E),"")
D88: Specimen module | E88: Specimen description sequence | J88: 1 | M88: | | N88: =D88&IF(LEN(E88)>0,"-","")&E88&IF(LEN(F88)>0,"-","")&F88&IF(LEN(G88)>0,"-","")&G88&IF(LEN(H88)>0,"-","")&H88 -> Specimen module-Specimen description sequence | O88: | | P88: =T(AA88) | Q88: | | R88: =+V88 -> - | S88: | | V88: =_xlfn.IFNA(VLOOKUP($U88, XtEHR!A:F,2,FALSE)&"."&TRIM(VLOOKUP($U88, XtEHR!A:F,3,FALSE)),"-") -> - | AA88: =IF(LEN(Z88)>0,_xlfn.XLOOKUP(Z88,FHIR!A:A,FHIR!E:E),"")
D89: Specimen module | E89: Specimen description sequence | F89: Primary Anatomical structure sequence | J89: 3 | M89: | | N89: =D89&IF(LEN(E89)>0,"-","")&E89&IF(LEN(F89)>0,"-","")&F89&IF(LEN(G89)>0,"-","")&G89&IF(LEN(H89)>0,"-","")&H89 -> Specimen module-Specimen description sequence-Primary Anatomical structure sequence | O89: | | P89: =T(AA89) -> Specimen.collection.bodySite | Q89: | | R89: =+V89 -> - | S89: | | V89: =_xlfn.IFNA(VLOOKUP($U89, XtEHR!A:F,2,FALSE)&"."&TRIM(VLOOKUP($U89, XtEHR!A:F,3,FALSE)),"-") -> - | Z89: Specimen20 | AA89: =IF(LEN(Z89)>0,_xlfn.XLOOKUP(Z89,FHIR!A:A,FHIR!E:E),"") -> Specimen.collection.bodySite
D90: Specimen module | E90: Specimen description sequence | F90: Specimen identifier | J90: 1 | M90: | | N90: =D90&IF(LEN(E90)>0,"-","")&E90&IF(LEN(F90)>0,"-","")&F90&IF(LEN(G90)>0,"-","")&G90&IF(LEN(H90)>0,"-","")&H90 -> Specimen module-Specimen description sequence-Specimen identifier | O90: | | P90: =T(AA90) -> Specimen.identifier | Q90: | | R90: =+V90 -> EHDSSpecimen.identifier | S90: | | U90: EHDSSpecimen2 | V90: =_xlfn.IFNA(VLOOKUP($U90, XtEHR!A:F,2,FALSE)&"."&TRIM(VLOOKUP($U90, XtEHR!A:F,3,FALSE)),"-") -> EHDSSpecimen.identifier | Z90: =_xlfn.XLOOKUP(U90,FHIR!M:M,FHIR!A:A) -> Specimen1 | AA90: =IF(LEN(Z90)>0,_xlfn.XLOOKUP(Z90,FHIR!A:A,FHIR!E:E),"") -> Specimen.identifier
D91: Specimen module | E91: Specimen description sequence | F91: Specimen UID | J91: 1 | M91: | | N91: =D91&IF(LEN(E91)>0,"-","")&E91&IF(LEN(F91)>0,"-","")&F91&IF(LEN(G91)>0,"-","")&G91&IF(LEN(H91)>0,"-","")&H91 -> Specimen module-Specimen description sequence-Specimen UID | O91: | | P91: =T(AA91) -> Specimen.identifier | Q91: | | R91: =+V91 -> EHDSSpecimen.identifier | S91: | | U91: EHDSSpecimen2 | V91: =_xlfn.IFNA(VLOOKUP($U91, XtEHR!A:F,2,FALSE)&"."&TRIM(VLOOKUP($U91, XtEHR!A:F,3,FALSE)),"-") -> EHDSSpecimen.identifier | Z91: =_xlfn.XLOOKUP(U91,FHIR!M:M,FHIR!A:A) -> Specimen1 | AA91: =IF(LEN(Z91)>0,_xlfn.XLOOKUP(Z91,FHIR!A:A,FHIR!E:E),"") -> Specimen.identifier
D92: Specimen module | E92: Specimen description sequence | F92: Issuer of the specimen identifier sequence | J92: 2 | M92: | | N92: =D92&IF(LEN(E92)>0,"-","")&E92&IF(LEN(F92)>0,"-","")&F92&IF(LEN(G92)>0,"-","")&G92&IF(LEN(H92)>0,"-","")&H92 -> Specimen module-Specimen description sequence-Issuer of the specimen identifier sequence | O92: | | P92: =T(AA92) -> Specimen.identifier | Q92: | | R92: =+V92 -> EHDSSpecimen.identifier | S92: | | U92: EHDSSpecimen2 | V92: =_xlfn.IFNA(VLOOKUP($U92, XtEHR!A:F,2,FALSE)&"."&TRIM(VLOOKUP($U92, XtEHR!A:F,3,FALSE)),"-") -> EHDSSpecimen.identifier | Z92: =_xlfn.XLOOKUP(U92,FHIR!M:M,FHIR!A:A) -> Specimen1 | AA92: =IF(LEN(Z92)>0,_xlfn.XLOOKUP(Z92,FHIR!A:A,FHIR!E:E),"") -> Specimen.identifier
D93: Specimen module | E93: Specimen description sequence | F93: Specimen Type Code Sequence | J93: 3 | M93: | | N93: =D93&IF(LEN(E93)>0,"-","")&E93&IF(LEN(F93)>0,"-","")&F93&IF(LEN(G93)>0,"-","")&G93&IF(LEN(H93)>0,"-","")&H93 -> Specimen module-Specimen description sequence-Specimen Type Code Sequence | O93: | | P93: =T(AA93) -> Specimen.type | Q93: | | R93: =+V93 -> EHDSSpecimen.type | S93: | | U93: EHDSSpecimen4 | V93: =_xlfn.IFNA(VLOOKUP($U93, XtEHR!A:F,2,FALSE)&"."&TRIM(VLOOKUP($U93, XtEHR!A:F,3,FALSE)),"-") -> EHDSSpecimen.type | Z93: =_xlfn.XLOOKUP(U93,FHIR!M:M,FHIR!A:A) -> Specimen3 | AA93: =IF(LEN(Z93)>0,_xlfn.XLOOKUP(Z93,FHIR!A:A,FHIR!E:E),"") -> Specimen.type
D94: Specimen module | E94: Specimen description sequence | F94: Speciment short description | J94: 3 | M94: | | N94: =D94&IF(LEN(E94)>0,"-","")&E94&IF(LEN(F94)>0,"-","")&F94&IF(LEN(G94)>0,"-","")&G94&IF(LEN(H94)>0,"-","")&H94 -> Specimen module-Specimen description sequence-Speciment short description | O94: | | P94: =T(AA94) -> Specimen.note | Q94: | | R94: =+V94 -> EHDSSpecimen.note | S94: | | U94: EHDSSpecimen27 | V94: =_xlfn.IFNA(VLOOKUP($U94, XtEHR!A:F,2,FALSE)&"."&TRIM(VLOOKUP($U94, XtEHR!A:F,3,FALSE)),"-") -> EHDSSpecimen.note | Z94: =_xlfn.XLOOKUP(U94,FHIR!M:M,FHIR!A:A) -> Specimen26 | AA94: =IF(LEN(Z94)>0,_xlfn.XLOOKUP(Z94,FHIR!A:A,FHIR!E:E),"") -> Specimen.note
D95: Specimen module | E95: Specimen description sequence | F95: Speciment detailed description | J95: 3 | M95: | | N95: =D95&IF(LEN(E95)>0,"-","")&E95&IF(LEN(F95)>0,"-","")&F95&IF(LEN(G95)>0,"-","")&G95&IF(LEN(H95)>0,"-","")&H95 -> Specimen module-Specimen description sequence-Speciment detailed description | O95: | | P95: =T(AA95) -> Specimen.note | Q95: | | R95: =+V95 -> EHDSSpecimen.note | S95: | | U95: EHDSSpecimen27 | V95: =_xlfn.IFNA(VLOOKUP($U95, XtEHR!A:F,2,FALSE)&"."&TRIM(VLOOKUP($U95, XtEHR!A:F,3,FALSE)),"-") -> EHDSSpecimen.note | Z95: =_xlfn.XLOOKUP(U95,FHIR!M:M,FHIR!A:A) -> Specimen26 | AA95: =IF(LEN(Z95)>0,_xlfn.XLOOKUP(Z95,FHIR!A:A,FHIR!E:E),"") -> Specimen.note
D96: Specimen module | E96: Specimen description sequence | F96: Specimen Preparation Sequence | J96: 2 | M96: | | N96: =D96&IF(LEN(E96)>0,"-","")&E96&IF(LEN(F96)>0,"-","")&F96&IF(LEN(G96)>0,"-","")&G96&IF(LEN(H96)>0,"-","")&H96 -> Specimen module-Specimen description sequence-Specimen Preparation Sequence | O96: | | P96: =T(AA96) -> Specimen.collection.method | Q96: | | R96: =+V96 -> EHDSSpecimen.collection.method | S96: | | U96: EHDSSpecimen19 | V96: =_xlfn.IFNA(VLOOKUP($U96, XtEHR!A:F,2,FALSE)&"."&TRIM(VLOOKUP($U96, XtEHR!A:F,3,FALSE)),"-") -> EHDSSpecimen.collection.method | Z96: =_xlfn.XLOOKUP(U96,FHIR!M:M,FHIR!A:A) -> Specimen18 | AA96: =IF(LEN(Z96)>0,_xlfn.XLOOKUP(Z96,FHIR!A:A,FHIR!E:E),"") -> Specimen.collection.method
D97: Specimen module | E97: Specimen description sequence | F97: Specimen Localization Content Item Sequence | J97: 1C | M97: | | N97: =D97&IF(LEN(E97)>0,"-","")&E97&IF(LEN(F97)>0,"-","")&F97&IF(LEN(G97)>0,"-","")&G97&IF(LEN(H97)>0,"-","")&H97 -> Specimen module-Specimen description sequence-Specimen Localization Content Item Sequence | O97: | | P97: =T(AA97) | Q97: | | R97: =+V97 -> - | S97: | | V97: =_xlfn.IFNA(VLOOKUP($U97, XtEHR!A:F,2,FALSE)&"."&TRIM(VLOOKUP($U97, XtEHR!A:F,3,FALSE)),"-") -> - | AA97: =IF(LEN(Z97)>0,_xlfn.XLOOKUP(Z97,FHIR!A:A,FHIR!E:E),"")
V98: =_xlfn.IFNA(VLOOKUP($U98, XtEHR!A:F,2,FALSE)&"."&TRIM(VLOOKUP($U98, XtEHR!A:F,3,FALSE)),"-") -> - | AA98: =IF(LEN(Z98)>0,_xlfn.XLOOKUP(Z98,FHIR!A:A,FHIR!E:E),"")
V99: =_xlfn.IFNA(VLOOKUP($U99, XtEHR!A:F,2,FALSE)&"."&TRIM(VLOOKUP($U99, XtEHR!A:F,3,FALSE)),"-") -> - | AA99: =IF(LEN(Z99)>0,_xlfn.XLOOKUP(Z99,FHIR!A:A,FHIR!E:E),"")
V100: =_xlfn.IFNA(VLOOKUP($U100, XtEHR!A:F,2,FALSE)&"."&TRIM(VLOOKUP($U100, XtEHR!A:F,3,FALSE)),"-") -> - | AA100: =IF(LEN(Z100)>0,_xlfn.XLOOKUP(Z100,FHIR!A:A,FHIR!E:E),"")
...

Sheet KOS SR
B1: NL | C1: Rel with Parent | D1: VT | E1: Concept Name | F1: VM | G1: Req Type | H1: Condition | J1: Value Set Constraint | M1: | | N1: KOS-SR | O1: | | P1: FHIR | Q1: | | R1: XtEHR | S1: | | V1: FHIR | X1: XtEHR
M2: | | N2: --------- | O2: | | P2: --------- | Q2: | | R2: ---------
A3: TID2010 | B3: 1 | E3: CONTAINER | F3: DCID 7010 “Key Object Selection Document Title” | G3: 1 | H3: M | K3: Root node | M3: | | N3: v | O3: | | P3: =T(W3) | Q3: | | R3: =T(Y3) | S3: | | X3: =IF(LEN(V3)>0,_xlfn.XLOOKUP(V3,FHIR!A:A,FHIR!M:M,""),"") | Y3: =_xlfn.XLOOKUP(X3,XtEHR!A:A,XtEHR!I:I,"")
A4: TID2010 | B4: 2 | C4: > | D4: HAS CONCEPT MOD | E4: CODE | F4: EV (113011, DCM, "Document Title Modifier") | G4: 1-n | H4: U | M4: | | N4: ="SR-"&A4&":"&B4&F4 -> SR-TID2010:2EV (113011, DCM, "Document Title Modifier") | O4: | | P4: =T(W4) | Q4: | | R4: =T(Y4) | S4: | | X4: =IF(LEN(V4)>0,_xlfn.XLOOKUP(V4,FHIR!A:A,FHIR!M:M,""),"") | Y4: =_xlfn.XLOOKUP(X4,XtEHR!A:A,XtEHR!I:I,"")
A5: TID2010 | B5: 3 | C5: > | D5: HAS CONCEPT MOD | E5: CODE | F5: EV (113011, DCM, "Document Title Modifier") | G5: 1 | H5: UC | J5: IF Row 1 Concept Name = (113001, DCM, "Rejected for Quality Reasons") or (113010, DCM, "Quality Issue") | K5: DCID 7011 “Rejected for Quality Reason” | M5: | | N5: ="SR-"&A5&":"&B5&F5 -> SR-TID2010:3EV (113011, DCM, "Document Title Modifier") | O5: | | P5: =T(W5) | Q5: | | R5: =T(Y5) | S5: | | X5: =IF(LEN(V5)>0,_xlfn.XLOOKUP(V5,FHIR!A:A,FHIR!M:M,""),"") | Y5: =_xlfn.XLOOKUP(X5,XtEHR!A:A,XtEHR!I:I,"")
A6: TID2010 | B6: 4 | C6: > | D6: HAS CONCEPT MOD | E6: CODE | F6: EV (113011, DCM, "Document Title Modifier") | G6: 1 | H6: MC | J6: IF Row 1 Concept Name = (113013, DCM, "Best In Set") | K6: DCID 7012 “Best in Set” | M6: | | N6: ="SR-"&A6&":"&B6&F6 -> SR-TID2010:4EV (113011, DCM, "Document Title Modifier") | O6: | | P6: =T(W6) | Q6: | | R6: =T(Y6) | S6: | | X6: =IF(LEN(V6)>0,_xlfn.XLOOKUP(V6,FHIR!A:A,FHIR!M:M,""),"") | Y6: =_xlfn.XLOOKUP(X6,XtEHR!A:A,XtEHR!I:I,"")
A7: TID2010 | B7: 5 | C7: > | D7: HAS CONCEPT MOD | E7: INCLUDE | F7: DTID 1204 “Language of Content Item and Descendants” | G7: 1 | H7: U | M7: | | N7: ="SR-"&A7&":"&B7&F7 -> SR-TID2010:5DTID 1204 “Language of Content Item and Descendants” | O7: | | P7: =T(W7) | Q7: | | R7: =T(Y7) | S7: | | X7: =IF(LEN(V7)>0,_xlfn.XLOOKUP(V7,FHIR!A:A,FHIR!M:M,""),"") | Y7: =_xlfn.XLOOKUP(X7,XtEHR!A:A,XtEHR!I:I,"")
A8: TID2010 | B8: 6 | C8: > | D8: HAS OBS CONTEXT | E8: INCLUDE | F8: DTID 1002 “Observer Context” | G8: 1-n | H8: U | M8: | | N8: ="SR-"&A8&":"&B8&F8 -> SR-TID2010:6DTID 1002 “Observer Context” | O8: | | P8: =T(W8) | Q8: | | R8: =T(Y8) | S8: | | X8: =IF(LEN(V8)>0,_xlfn.XLOOKUP(V8,FHIR!A:A,FHIR!M:M,""),"") | Y8: =_xlfn.XLOOKUP(X8,XtEHR!A:A,XtEHR!I:I,"")
A9: TID2010 | B9: 7 | C9: > | D9: CONTAINS | E9: TEXT | F9: EV (113012, DCM, "Key Object Description") | G9: 1 | H9: U | M9: | | N9: ="SR-"&A9&":"&B9&F9 -> SR-TID2010:7EV (113012, DCM, "Key Object Description") | O9: | | P9: =T(W9) | Q9: | | R9: =T(Y9) | S9: | | X9: =IF(LEN(V9)>0,_xlfn.XLOOKUP(V9,FHIR!A:A,FHIR!M:M,""),"") | Y9: =_xlfn.XLOOKUP(X9,XtEHR!A:A,XtEHR!I:I,"")
A10: TID2010 | B10: 8 | C10: > | D10: CONTAINS | E10: IMAGE | G10: 1-n | H10: MC | J10: At least one of Rows 8, 9 and 10 shall be present | L10: only one represantative instance | M10: | | N10: ="SR-"&A10&":"&B10&F10 -> SR-TID2010:8 | O10: | | P10: =T(W10) -> ImagingStudy.series.instance.extension[representative] | Q10: | | R10: =T(Y10) | S10: | | V10: ImagingStudy42 | W10: =_xlfn.XLOOKUP(V10,FHIR!A:A,FHIR!E:E) -> ImagingStudy.series.instance.extension[representative] | X10: - | Y10: =_xlfn.XLOOKUP(X10,XtEHR!A:A,XtEHR!I:I,"")
A11: TID2010 | B11: 9 | C11: > | D11: CONTAINS | E11: WAVEFORM | G11: 1-n | H11: MC | J11: At least one of Rows 8, 9 and 10 shall be present | L11: only one represantative instance | M11: | | N11: ="SR-"&A11&":"&B11&F11 -> SR-TID2010:9 | O11: | | P11: =T(W11) -> ImagingStudy.series.instance.extension[representative] | Q11: | | R11: =T(Y11) | S11: | | V11: ImagingStudy42 | W11: =_xlfn.XLOOKUP(V11,FHIR!A:A,FHIR!E:E) -> ImagingStudy.series.instance.extension[representative] | X11: - | Y11: =_xlfn.XLOOKUP(X11,XtEHR!A:A,XtEHR!I:I,"")
A12: TID2010 | B12: 10 | C12: > | D12: CONTAINS | E12: COMPOSITE | G12: 1-n | H12: MC | J12: At least one of Rows 8, 9 and 10 shall be present | L12: only one represantative instance | M12: | | N12: ="SR-"&A12&":"&B12&F12 -> SR-TID2010:10 | O12: | | P12: =T(W12) -> ImagingStudy.series.instance.extension[representative] | Q12: | | R12: =T(Y12) | S12: | | V12: ImagingStudy42 | W12: =_xlfn.XLOOKUP(V12,FHIR!A:A,FHIR!E:E) -> ImagingStudy.series.instance.extension[representative] | X12: - | Y12: =_xlfn.XLOOKUP(X12,XtEHR!A:A,XtEHR!I:I,"")
A13: TID2010 | B13: 11 | C13: > | D13: CONTAINS | E13: CONTAINER | F13: TID1600 (111028, DCM, "Image Library") | G13: 1 | M13: | | N13: ="SR-"&A13&":"&B13&F13 -> SR-TID2010:11TID1600 (111028, DCM, "Image Library") | O13: | | P13: =T(W13) -> -------- | Q13: | | R13: =T(Y13) | S13: | | W13: =_xlfn.XLOOKUP(V13,FHIR!A:A,FHIR!E:E) -> -------- | X13: =IF(LEN(V13)>0,_xlfn.XLOOKUP(V13,FHIR!A:A,FHIR!M:M,""),"") | Y13: =_xlfn.XLOOKUP(X13,XtEHR!A:A,XtEHR!I:I,"")
M14: | | N14: ="SR-"&A14&":"&B14&F14 -> SR-: | O14: | | P14: =T(W14) -> -------- | Q14: | | R14: =T(Y14) | S14: | | W14: =_xlfn.XLOOKUP(V14,FHIR!A:A,FHIR!E:E) -> -------- | X14: =IF(LEN(V14)>0,_xlfn.XLOOKUP(V14,FHIR!A:A,FHIR!M:M,""),"") | Y14: =_xlfn.XLOOKUP(X14,XtEHR!A:A,XtEHR!I:I,"")
A15: TID1600 | B15: NL | C15: Rel with Parent | D15: VT | E15: Concept Name | F15: VM | G15: Req Type | H15: Condition | J15: Value Set Constraint | M15: | | N15: ="SR-"&A15&":"&B15&F15 -> SR-TID1600:NLVM | O15: | | P15: =T(W15) -> -------- | Q15: | | R15: =T(Y15) | S15: | | W15: =_xlfn.XLOOKUP(V15,FHIR!A:A,FHIR!E:E) -> -------- | X15: =IF(LEN(V15)>0,_xlfn.XLOOKUP(V15,FHIR!A:A,FHIR!M:M,""),"") | Y15: =_xlfn.XLOOKUP(X15,XtEHR!A:A,XtEHR!I:I,"")
A16: TID1600 | B16: 1 | E16: CONTAINER | F16: EV (111028, DCM, "Image Library") | G16: 1 | H16: M | M16: | | N16: ="SR-"&A16&":"&B16&F16 -> SR-TID1600:1EV (111028, DCM, "Image Library") | O16: | | P16: =T(W16) -> -------- | Q16: | | R16: =T(Y16) | S16: | | W16: =_xlfn.XLOOKUP(V16,FHIR!A:A,FHIR!E:E) -> -------- | X16: =IF(LEN(V16)>0,_xlfn.XLOOKUP(V16,FHIR!A:A,FHIR!M:M,""),"") | Y16: =_xlfn.XLOOKUP(X16,XtEHR!A:A,XtEHR!I:I,"")
A17: TID1600 | B17: 2 | C17: > | D17: CONTAINS | E17: CONTAINER | F17: EV (126200, DCM, "Image Library Group") | G17: 1-n | H17: U | M17: | | N17: ="SR-"&A17&":"&B17&F17 -> SR-TID1600:2EV (126200, DCM, "Image Library Group") | O17: | | P17: =T(W17) -> -------- | Q17: | | R17: =T(Y17) | S17: | | W17: =_xlfn.XLOOKUP(V17,FHIR!A:A,FHIR!E:E) -> -------- | X17: =IF(LEN(V17)>0,_xlfn.XLOOKUP(V17,FHIR!A:A,FHIR!M:M,""),"") | Y17: =_xlfn.XLOOKUP(X17,XtEHR!A:A,XtEHR!I:I,"")
A18: TID1600 | B18: 3 | C18: >> | D18: HAS ACQ CONTEXT | E18: INCLUDE | F18: DTID 1602 “Image Library Entry Descriptors” | G18: 1 | H18: U | M18: | | N18: ="SR-"&A18&":"&B18&F18 -> SR-TID1600:3DTID 1602 “Image Library Entry Descriptors” | O18: | | P18: =T(W18) -> -------- | Q18: | | R18: =T(Y18) | S18: | | W18: =_xlfn.XLOOKUP(V18,FHIR!A:A,FHIR!E:E) -> -------- | X18: =IF(LEN(V18)>0,_xlfn.XLOOKUP(V18,FHIR!A:A,FHIR!M:M,""),"") | Y18: =_xlfn.XLOOKUP(X18,XtEHR!A:A,XtEHR!I:I,"")
A19: TID1600 | B19: 4 | C19: >> | D19: CONTAINS | E19: INCLUDE | F19: DTID 1601 “Image Library Entry” | G19: 1-n | H19: U | M19: | | N19: ="SR-"&A19&":"&B19&F19 -> SR-TID1600:4DTID 1601 “Image Library Entry” | O19: | | P19: =T(W19) -> -------- | Q19: | | R19: =T(Y19) | S19: | | W19: =_xlfn.XLOOKUP(V19,FHIR!A:A,FHIR!E:E) -> -------- | X19: =IF(LEN(V19)>0,_xlfn.XLOOKUP(V19,FHIR!A:A,FHIR!M:M,""),"") | Y19: =_xlfn.XLOOKUP(X19,XtEHR!A:A,XtEHR!I:I,"")
A20: TID1600 | C20: > | D20: HAS ACQ CONTEXT | E20: CODE | F20: EV (121139, DCM, "Modality") | G20: 1-n | H20: R+ | M20: | | N20: ="SR-"&A20&":"&B20&F20 -> SR-TID1600:EV (121139, DCM, "Modality") | O20: | | P20: =T(W20) -> ImagingStudy.modality | Q20: | | R20: =T(Y20) -> EHDSImagingStudy- modality | S20: | | V20: ImagingStudy6 | W20: =_xlfn.XLOOKUP(V20,FHIR!A:A,FHIR!E:E) -> ImagingStudy.modality | X20: =IF(LEN(V20)>0,_xlfn.XLOOKUP(V20,FHIR!A:A,FHIR!M:M,""),"") -> EHDSImagingStudy11 | Y20: =_xlfn.XLOOKUP(X20,XtEHR!A:A,XtEHR!I:I,"") -> EHDSImagingStudy- modality
A21: TID1600 | C21: > | D21: HAS ACQ CONTEXT | E21: UIDREF | F21: EV (ddd011, DCM, “Study Instance UID”) | G21: 1 | H21: R+ | M21: | | N21: ="SR-"&A21&":"&B21&F21 -> SR-TID1600:EV (ddd011, DCM, “Study Instance UID”) | O21: | | P21: =T(W21) -> ImagingStudy.identifier[studyInstanceUid] | Q21: | | R21: =T(Y21) -> EHDSImagingStudy- header.identifier | S21: | | V21: ImagingStudy3 | W21: =_xlfn.XLOOKUP(V21,FHIR!A:A,FHIR!E:E) -> ImagingStudy.identifier[studyInstanceUid] | X21: =IF(LEN(V21)>0,_xlfn.XLOOKUP(V21,FHIR!A:A,FHIR!M:M,""),"") -> EHDSImagingStudy4 | Y21: =_xlfn.XLOOKUP(X21,XtEHR!A:A,XtEHR!I:I,"") -> EHDSImagingStudy- header.identifier
A22: TID1600 | C22: > | D22: HAS ACQ CONTEXT | E22: CODE | F22: EV (123014, DCM, "Target Region") | G22: 1-n | H22: R+ | J22: Each content item shall correspond to the TEXT content item below of the same rank. | K22: Code value for target region selected. See 4.3.X.4.1 CID IHE-MADO1 High-Level Anatomic Regions and systems (See Note below). | M22: | | N22: ="SR-"&A22&":"&B22&F22 -> SR-TID1600:EV (123014, DCM, "Target Region") | O22: | | P22: =T(W22) -> ImagingStudy.extension[anatomical] | Q22: | | R22: =T(Y22) -> EHDSImagingStudy- bodySite | S22: | | V22: ImagingStudy7 | W22: =_xlfn.XLOOKUP(V22,FHIR!A:A,FHIR!E:E) -> ImagingStudy.extension[anatomical] | X22: =IF(LEN(V22)>0,_xlfn.XLOOKUP(V22,FHIR!A:A,FHIR!M:M,""),"") -> EHDSImagingStudy12 | Y22: =_xlfn.XLOOKUP(X22,XtEHR!A:A,XtEHR!I:I,"") -> EHDSImagingStudy- bodySite
A23: TID1600 | C23: > | D23: HAS ACQ CONTEXT | E23: TEXT | F23: EV (123014, DCM, "Target Region") | G23: 1-n | H23: R+ | J23: Each content item shall correspond to the TEXT content item above of the same rank. | K23: Text value for target region selected. See 4.3.X.4.1 CID IHE-MADO1 High-Level Anatomic Regions and systems (See Note below) | M23: | | N23: ="SR-"&A23&":"&B23&F23 -> SR-TID1600:EV (123014, DCM, "Target Region") | O23: | | P23: =T(W23) -> ImagingStudy.extension[anatomical].text | Q23: | | R23: =T(Y23) -> EHDSImagingStudy- bodySite | S23: | | V23: ImagingStudy7a | W23: =_xlfn.XLOOKUP(V23,FHIR!A:A,FHIR!E:E) -> ImagingStudy.extension[anatomical].text | X23: =IF(LEN(V23)>0,_xlfn.XLOOKUP(V23,FHIR!A:A,FHIR!M:M,""),"") -> EHDSImagingStudy12 | Y23: =_xlfn.XLOOKUP(X23,XtEHR!A:A,XtEHR!I:I,"") -> EHDSImagingStudy- bodySite
A24: TID1600 | C24: > | D24: HAS ACQ CONTEXT | E24: NUM or TEXT ? | F24: EV (ddd010, DCM, “Number of Study Related Series” | G24: 1 | H24: U | K24: ? UNITS = EV ({instances}, UCUM, "instances") | M24: | | N24: ="SR-"&A24&":"&B24&F24 -> SR-TID1600:EV (ddd010, DCM, “Number of Study Related Series” | O24: | | P24: =T(W24) -> ImagingStudy.series | Q24: | | R24: =T(Y24) -> EHDSImagingStudy- series | S24: | | V24: ImagingStudy24 | W24: =_xlfn.XLOOKUP(V24,FHIR!A:A,FHIR!E:E) -> ImagingStudy.series | X24: =IF(LEN(V24)>0,_xlfn.XLOOKUP(V24,FHIR!A:A,FHIR!M:M,""),"") -> EHDSImagingStudy21 | Y24: =_xlfn.XLOOKUP(X24,XtEHR!A:A,XtEHR!I:I,"") -> EHDSImagingStudy- series
D25: question: does this attribute reflect the number of series in the original study the manifest is based on. Or does it list the amount of series that are referenced by this manifest? | M25: | | N25: ="SR-"&A25&":"&B25&F25 -> SR-: | O25: | | P25: =T(W25) -> -------- | Q25: | | R25: =T(Y25) | S25: | | W25: =_xlfn.XLOOKUP(V25,FHIR!A:A,FHIR!E:E) -> -------- | X25: =IF(LEN(V25)>0,_xlfn.XLOOKUP(V25,FHIR!A:A,FHIR!M:M,""),"") | Y25: =_xlfn.XLOOKUP(X25,XtEHR!A:A,XtEHR!I:I,"")
M26: | | N26: ="SR-"&A26&":"&B26&F26 -> SR-: | O26: | | P26: =T(W26) -> -------- | Q26: | | R26: =T(Y26) | S26: | | W26: =_xlfn.XLOOKUP(V26,FHIR!A:A,FHIR!E:E) -> -------- | X26: =IF(LEN(V26)>0,_xlfn.XLOOKUP(V26,FHIR!A:A,FHIR!M:M,""),"") | Y26: =_xlfn.XLOOKUP(X26,XtEHR!A:A,XtEHR!I:I,"")
A27: TID1601 | B27: NL | C27: Rel with Parent | D27: VT | E27: Concept Name | F27: VM | G27: Req Type | H27: Condition | J27: Value Set Constraint | M27: | | N27: ="SR-"&A27&":"&B27&F27 -> SR-TID1601:NLVM | O27: | | P27: =T(W27) -> -------- | Q27: | | R27: =T(Y27) | S27: | | W27: =_xlfn.XLOOKUP(V27,FHIR!A:A,FHIR!E:E) -> -------- | X27: =IF(LEN(V27)>0,_xlfn.XLOOKUP(V27,FHIR!A:A,FHIR!M:M,""),"") | Y27: =_xlfn.XLOOKUP(X27,XtEHR!A:A,XtEHR!I:I,"")
A28: TID1601 | B28: 1 | E28: IMAGE | G28: 1 | H28: M | M28: | | N28: ="SR-"&A28&":"&B28&F28 -> SR-TID1601:1 | O28: | | P28: =T(W28) -> -------- | Q28: | | R28: =T(Y28) | S28: | | W28: =_xlfn.XLOOKUP(V28,FHIR!A:A,FHIR!E:E) -> -------- | X28: =IF(LEN(V28)>0,_xlfn.XLOOKUP(V28,FHIR!A:A,FHIR!M:M,""),"") | Y28: =_xlfn.XLOOKUP(X28,XtEHR!A:A,XtEHR!I:I,"")
A29: TID1601 | B29: 2 | C29: > | D29: HAS ACQ CONTEXT | E29: INCLUDE | F29: DTID 1602 “Image Library Entry Descriptors” | G29: 1 | H29: U | M29: | | N29: ="SR-"&A29&":"&B29&F29 -> SR-TID1601:2DTID 1602 “Image Library Entry Descriptors” | O29: | | P29: =T(W29) -> -------- | Q29: | | R29: =T(Y29) | S29: | | W29: =_xlfn.XLOOKUP(V29,FHIR!A:A,FHIR!E:E) -> -------- | X29: =IF(LEN(V29)>0,_xlfn.XLOOKUP(V29,FHIR!A:A,FHIR!M:M,""),"") | Y29: =_xlfn.XLOOKUP(X29,XtEHR!A:A,XtEHR!I:I,"")
A30: TID1601 | D30: HAS ACQ CONTEXT | E30: NUM | F30: EV (121140, DCM, “Number of Frames”) | G30: 1 | H30: RC+ | I30: Required when the SOP Class is multiframe | M30: | | N30: ="SR-"&A30&":"&B30&F30 -> SR-TID1601:EV (121140, DCM, “Number of Frames”) | O30: | | P30: =T(W30) -> ImagingStudy.series.instance.extension[numberOfFrames] | Q30: | | R30: =T(Y30) -> EHDSImagingStudy- series.instancesInTheSeries.numberOfFrames | S30: | | V30: ImagingStudy41 | W30: =_xlfn.XLOOKUP(V30,FHIR!A:A,FHIR!E:E) -> ImagingStudy.series.instance.extension[numberOfFrames] | X30: =IF(LEN(V30)>0,_xlfn.XLOOKUP(V30,FHIR!A:A,FHIR!M:M,""),"") -> EHDSImagingStudy36 | Y30: =_xlfn.XLOOKUP(X30,XtEHR!A:A,XtEHR!I:I,"") -> EHDSImagingStudy- series.instancesInTheSeries.numberOfFrames
A31: TID1601 | D31: HAS ACQ CONTEXT | E31: TEXT | F31: EV (ddd008, DCM, “Instance Number”) | G31: 1 | H31: RC+ | I31: Required when present in the referenced SOP Instance | J31: The text string shall be consistent with the value of Instance Number (0020,0013) of the referenced instance (See Note). | M31: | | N31: ="SR-"&A31&":"&B31&F31 -> SR-TID1601:EV (ddd008, DCM, “Instance Number”) | O31: | | P31: =T(W31) -> ImagingStudy.series.instance.number | Q31: | | R31: =T(Y31) -> EHDSImagingStudy- series.instancesInTheSeries.instanceNumber | S31: | | V31: ImagingStudy39 | W31: =_xlfn.XLOOKUP(V31,FHIR!A:A,FHIR!E:E) -> ImagingStudy.series.instance.number | X31: =IF(LEN(V31)>0,_xlfn.XLOOKUP(V31,FHIR!A:A,FHIR!M:M,""),"") -> EHDSImagingStudy35 | Y31: =_xlfn.XLOOKUP(X31,XtEHR!A:A,XtEHR!I:I,"") -> EHDSImagingStudy- series.instancesInTheSeries.instanceNumber
A32: TID1601 | D32: CONTAINS | E32: INCLUDE | F32: DTID 16XX Image Library Entry Descriptors for Key Object Selection | G32: 1 | H32: RC+ | I32: Present if this instance is a KOS Object | M32: | | N32: ="SR-"&A32&":"&B32&F32 -> SR-TID1601:DTID 16XX Image Library Entry Descriptors for Key Object Selection | O32: | | P32: =T(W32) -> -------- | Q32: | | R32: =T(Y32) | S32: | | W32: =_xlfn.XLOOKUP(V32,FHIR!A:A,FHIR!E:E) -> -------- | X32: =IF(LEN(V32)>0,_xlfn.XLOOKUP(V32,FHIR!A:A,FHIR!M:M,""),"") | Y32: =_xlfn.XLOOKUP(X32,XtEHR!A:A,XtEHR!I:I,"")
M33: | | N33: ="SR-"&A33&":"&B33&F33 -> SR-: | O33: | | P33: =T(W33) -> -------- | Q33: | | R33: =T(Y33) | S33: | | W33: =_xlfn.XLOOKUP(V33,FHIR!A:A,FHIR!E:E) -> -------- | X33: =IF(LEN(V33)>0,_xlfn.XLOOKUP(V33,FHIR!A:A,FHIR!M:M,""),"") | Y33: =_xlfn.XLOOKUP(X33,XtEHR!A:A,XtEHR!I:I,"")
M34: | | N34: ="SR-"&A34&":"&B34&F34 -> SR-: | O34: | | P34: =T(W34) -> -------- | Q34: | | R34: =T(Y34) | S34: | | W34: =_xlfn.XLOOKUP(V34,FHIR!A:A,FHIR!E:E) -> -------- | X34: =IF(LEN(V34)>0,_xlfn.XLOOKUP(V34,FHIR!A:A,FHIR!M:M,""),"") | Y34: =_xlfn.XLOOKUP(X34,XtEHR!A:A,XtEHR!I:I,"")
A35: TID1602 | B35: NL | C35: Rel with Parent | D35: VT | E35: Concept Name | F35: VM | G35: Req Type | H35: Condition | J35: Value Set Constraint | M35: | | N35: ="SR-"&A35&":"&B35&F35 -> SR-TID1602:NLVM | O35: | | P35: =T(W35) -> -------- | Q35: | | R35: =T(Y35) | S35: | | W35: =_xlfn.XLOOKUP(V35,FHIR!A:A,FHIR!E:E) -> -------- | X35: =IF(LEN(V35)>0,_xlfn.XLOOKUP(V35,FHIR!A:A,FHIR!M:M,""),"") | Y35: =_xlfn.XLOOKUP(X35,XtEHR!A:A,XtEHR!I:I,"")
A36: TID1602 | B36: 1 | D36: HAS ACQ CONTEXT | E36: CODE | F36: EV (121139, DCM, "Modality") | G36: 1 | H36: U | I36: R+ | K36: DCID 29 “Acquisition Modality” | M36: | | N36: ="SR-"&A36&":"&B36&F36 -> SR-TID1602:1EV (121139, DCM, "Modality") | O36: | | P36: =T(W36) -> ImagingStudy.series.modality | Q36: | | R36: =T(Y36) -> EHDSImagingStudy- series.seriesModality | S36: | | V36: ImagingStudy27 | W36: =_xlfn.XLOOKUP(V36,FHIR!A:A,FHIR!E:E) -> ImagingStudy.series.modality | X36: =IF(LEN(V36)>0,_xlfn.XLOOKUP(V36,FHIR!A:A,FHIR!M:M,""),"") -> EHDSImagingStudy24 | Y36: =_xlfn.XLOOKUP(X36,XtEHR!A:A,XtEHR!I:I,"") -> EHDSImagingStudy- series.seriesModality
A37: TID1602 | B37: 2 | D37: HAS ACQ CONTEXT | E37: CODE | F37: EV (123014, DCM, "Target Region") | G37: 1 | H37: U | K37: DCID 4031 “Common Anatomic Region” | M37: | | N37: ="SR-"&A37&":"&B37&F37 -> SR-TID1602:2EV (123014, DCM, "Target Region") | O37: | | P37: =T(W37) -> -------- | Q37: | | R37: =T(Y37) | S37: | | W37: =_xlfn.XLOOKUP(V37,FHIR!A:A,FHIR!E:E) -> -------- | X37: =IF(LEN(V37)>0,_xlfn.XLOOKUP(V37,FHIR!A:A,FHIR!M:M,""),"") | Y37: =_xlfn.XLOOKUP(X37,XtEHR!A:A,XtEHR!I:I,"")
A38: TID1602 | B38: 3 | D38: HAS ACQ CONTEXT | E38: CODE | F38: EV (111027, DCM, "Image Laterality") | G38: 1 | H38: U | K38: DCID 244 “Laterality” | M38: | | N38: ="SR-"&A38&":"&B38&F38 -> SR-TID1602:3EV (111027, DCM, "Image Laterality") | O38: | | P38: =T(W38) | Q38: | | R38: =T(Y38) | S38: | | X38: =IF(LEN(V38)>0,_xlfn.XLOOKUP(V38,FHIR!A:A,FHIR!M:M,""),"") | Y38: =_xlfn.XLOOKUP(X38,XtEHR!A:A,XtEHR!I:I,"")
A39: TID1602 | B39: 4 | D39: HAS ACQ CONTEXT | E39: DATE | F39: EV (111060, DCM, "Study Date") | G39: 1 | H39: U | M39: | | N39: ="SR-"&A39&":"&B39&F39 -> SR-TID1602:4EV (111060, DCM, "Study Date") | O39: | | P39: =T(W39) | Q39: | | R39: =T(Y39) | S39: | | X39: =IF(LEN(V39)>0,_xlfn.XLOOKUP(V39,FHIR!A:A,FHIR!M:M,""),"") | Y39: =_xlfn.XLOOKUP(X39,XtEHR!A:A,XtEHR!I:I,"")
A40: TID1602 | B40: 5 | D40: HAS ACQ CONTEXT | E40: TIME | F40: EV (111061, DCM, "Study Time") | G40: 1 | H40: U | M40: | | N40: ="SR-"&A40&":"&B40&F40 -> SR-TID1602:5EV (111061, DCM, "Study Time") | O40: | | P40: =T(W40) | Q40: | | R40: =T(Y40) | S40: | | X40: =IF(LEN(V40)>0,_xlfn.XLOOKUP(V40,FHIR!A:A,FHIR!M:M,""),"") | Y40: =_xlfn.XLOOKUP(X40,XtEHR!A:A,XtEHR!I:I,"")
A41: TID1602 | B41: 6 | D41: HAS ACQ CONTEXT | E41: DATE | F41: EV (111018, DCM, "Content Date") | G41: 1 | H41: U | M41: | | N41: ="SR-"&A41&":"&B41&F41 -> SR-TID1602:6EV (111018, DCM, "Content Date") | O41: | | P41: =T(W41) | Q41: | | R41: =T(Y41) | S41: | | X41: =IF(LEN(V41)>0,_xlfn.XLOOKUP(V41,FHIR!A:A,FHIR!M:M,""),"") | Y41: =_xlfn.XLOOKUP(X41,XtEHR!A:A,XtEHR!I:I,"")
A42: TID1602 | B42: 7 | D42: HAS ACQ CONTEXT | E42: TIME | F42: EV (111019, DCM, "Content Time") | G42: 1 | H42: U | M42: | | N42: ="SR-"&A42&":"&B42&F42 -> SR-TID1602:7EV (111019, DCM, "Content Time") | O42: | | P42: =T(W42) | Q42: | | R42: =T(Y42) | S42: | | X42: =IF(LEN(V42)>0,_xlfn.XLOOKUP(V42,FHIR!A:A,FHIR!M:M,""),"") | Y42: =_xlfn.XLOOKUP(X42,XtEHR!A:A,XtEHR!I:I,"")
A43: TID1602 | B43: 8 | D43: HAS ACQ CONTEXT | E43: DATE | F43: EV (126201, DCM, "Acquisition Date") | G43: 1 | H43: U | M43: | | N43: ="SR-"&A43&":"&B43&F43 -> SR-TID1602:8EV (126201, DCM, "Acquisition Date") | O43: | | P43: =T(W43) | Q43: | | R43: =T(Y43) | S43: | | X43: =IF(LEN(V43)>0,_xlfn.XLOOKUP(V43,FHIR!A:A,FHIR!M:M,""),"") | Y43: =_xlfn.XLOOKUP(X43,XtEHR!A:A,XtEHR!I:I,"")
A44: TID1602 | B44: 9 | D44: HAS ACQ CONTEXT | E44: TIME | F44: EV (126202, DCM, "Acquisition Time") | G44: 1 | H44: U | M44: | | N44: ="SR-"&A44&":"&B44&F44 -> SR-TID1602:9EV (126202, DCM, "Acquisition Time") | O44: | | P44: =T(W44) | Q44: | | R44: =T(Y44) | S44: | | X44: =IF(LEN(V44)>0,_xlfn.XLOOKUP(V44,FHIR!A:A,FHIR!M:M,""),"") | Y44: =_xlfn.XLOOKUP(X44,XtEHR!A:A,XtEHR!I:I,"")
A45: TID1602 | B45: 10 | D45: HAS ACQ CONTEXT | E45: UIDREF | F45: EV (112227, DCM, "Frame of Reference UID") | G45: 1 | H45: U | M45: | | N45: ="SR-"&A45&":"&B45&F45 -> SR-TID1602:10EV (112227, DCM, "Frame of Reference UID") | O45: | | P45: =T(W45) -> -------- | Q45: | | R45: =T(Y45) | S45: | | W45: =_xlfn.XLOOKUP(V45,FHIR!A:A,FHIR!E:E) -> -------- | X45: =IF(LEN(V45)>0,_xlfn.XLOOKUP(V45,FHIR!A:A,FHIR!M:M,""),"") | Y45: =_xlfn.XLOOKUP(X45,XtEHR!A:A,XtEHR!I:I,"")
A46: TID1602 | B46: 11 | D46: HAS ACQ CONTEXT | E46: NUM | F46: EV (110910, DCM, "Pixel Data Rows") | G46: 1 | H46: U | K46: UNITS = EV ({pixels}, UCUM, "pixels") | M46: | | N46: ="SR-"&A46&":"&B46&F46 -> SR-TID1602:11EV (110910, DCM, "Pixel Data Rows") | O46: | | P46: =T(W46) -> -------- | Q46: | | R46: =T(Y46) | S46: | | W46: =_xlfn.XLOOKUP(V46,FHIR!A:A,FHIR!E:E) -> -------- | X46: =IF(LEN(V46)>0,_xlfn.XLOOKUP(V46,FHIR!A:A,FHIR!M:M,""),"") | Y46: =_xlfn.XLOOKUP(X46,XtEHR!A:A,XtEHR!I:I,"")
A47: TID1602 | B47: 12 | D47: HAS ACQ CONTEXT | E47: NUM | F47: EV (110911, DCM, "Pixel Data Columns") | G47: 1 | H47: U | K47: UNITS = EV ({pixels}, UCUM, "pixels") | M47: | | N47: ="SR-"&A47&":"&B47&F47 -> SR-TID1602:12EV (110911, DCM, "Pixel Data Columns") | O47: | | P47: =T(W47) -> -------- | Q47: | | R47: =T(Y47) | S47: | | W47: =_xlfn.XLOOKUP(V47,FHIR!A:A,FHIR!E:E) -> -------- | X47: =IF(LEN(V47)>0,_xlfn.XLOOKUP(V47,FHIR!A:A,FHIR!M:M,""),"") | Y47: =_xlfn.XLOOKUP(X47,XtEHR!A:A,XtEHR!I:I,"")
A48: TID1602 | B48: 13 | D48: HAS ACQ CONTEXT | E48: INCLUDE | F48: DTID 1603 “Image Library Entry Descriptors for Projection Radiography” | G48: 1 | H48: MC | J48: IFF Row 1 is present with a value of "CR", "DX", "IO", "MG, "PX", "RF", "RG" or "XA" | M48: | | N48: ="SR-"&A48&":"&B48&F48 -> SR-TID1602:13DTID 1603 “Image Library Entry Descriptors for Projection Radiography” | O48: | | P48: =T(W48) -> -------- | Q48: | | R48: =T(Y48) | S48: | | W48: =_xlfn.XLOOKUP(V48,FHIR!A:A,FHIR!E:E) -> -------- | X48: =IF(LEN(V48)>0,_xlfn.XLOOKUP(V48,FHIR!A:A,FHIR!M:M,""),"") | Y48: =_xlfn.XLOOKUP(X48,XtEHR!A:A,XtEHR!I:I,"")
A49: TID1602 | B49: 14 | D49: HAS ACQ CONTEXT | E49: INCLUDE | F49: DTID 1604 “Image Library Entry Descriptors for Cross-Sectional Modalities” | G49: 1 | H49: MC | J49: IFF Row 1 is present with a value of "CT", "MR" or "PT" | M49: | | N49: ="SR-"&A49&":"&B49&F49 -> SR-TID1602:14DTID 1604 “Image Library Entry Descriptors for Cross-Sectional Modalities” | O49: | | P49: =T(W49) -> -------- | Q49: | | R49: =T(Y49) | S49: | | W49: =_xlfn.XLOOKUP(V49,FHIR!A:A,FHIR!E:E) -> -------- | X49: =IF(LEN(V49)>0,_xlfn.XLOOKUP(V49,FHIR!A:A,FHIR!M:M,""),"") | Y49: =_xlfn.XLOOKUP(X49,XtEHR!A:A,XtEHR!I:I,"")
A50: TID1602 | B50: 15 | D50: HAS ACQ CONTEXT | E50: INCLUDE | F50: DTID 1605 “Image Library Entry Descriptors for CT” | G50: 1 | H50: MC | J50: IFF Row 1 is present with a value of "CT" | M50: | | N50: ="SR-"&A50&":"&B50&F50 -> SR-TID1602:15DTID 1605 “Image Library Entry Descriptors for CT” | O50: | | P50: =T(W50) -> -------- | Q50: | | R50: =T(Y50) | S50: | | W50: =_xlfn.XLOOKUP(V50,FHIR!A:A,FHIR!E:E) -> -------- | X50: =IF(LEN(V50)>0,_xlfn.XLOOKUP(V50,FHIR!A:A,FHIR!M:M,""),"") | Y50: =_xlfn.XLOOKUP(X50,XtEHR!A:A,XtEHR!I:I,"")
A51: TID1602 | B51: 16 | D51: HAS ACQ CONTEXT | E51: INCLUDE | F51: DTID 1606 “Image Library Entry Descriptors for MR” | G51: 1 | H51: MC | J51: IFF Row 1 is present with a value of "MR" | M51: | | N51: ="SR-"&A51&":"&B51&F51 -> SR-TID1602:16DTID 1606 “Image Library Entry Descriptors for MR” | O51: | | P51: =T(W51) -> -------- | Q51: | | R51: =T(Y51) | S51: | | W51: =_xlfn.XLOOKUP(V51,FHIR!A:A,FHIR!E:E) -> -------- | X51: =IF(LEN(V51)>0,_xlfn.XLOOKUP(V51,FHIR!A:A,FHIR!M:M,""),"") | Y51: =_xlfn.XLOOKUP(X51,XtEHR!A:A,XtEHR!I:I,"")
A52: TID1602 | B52: 17 | D52: HAS ACQ CONTEXT | E52: INCLUDE | F52: DTID 1607 “Image Library Entry Descriptors for PET” | G52: 1 | H52: MC | J52: IFF Row 1 is present with a value of "PT" | M52: | | N52: ="SR-"&A52&":"&B52&F52 -> SR-TID1602:17DTID 1607 “Image Library Entry Descriptors for PET” | O52: | | P52: =T(W52) -> -------- | Q52: | | R52: =T(Y52) | S52: | | W52: =_xlfn.XLOOKUP(V52,FHIR!A:A,FHIR!E:E) -> -------- | X52: =IF(LEN(V52)>0,_xlfn.XLOOKUP(V52,FHIR!A:A,FHIR!M:M,""),"") | Y52: =_xlfn.XLOOKUP(X52,XtEHR!A:A,XtEHR!I:I,"")
A53: TID1602 | D53: HAS ACQ CONTEXT | E53: DATE | F53: EV (ddd003, DCM, "Series Date") | G53: 1 | H53: Shall be populated if the corresponding attribute is populated in the relevant instance(s). | I53: RC+ | M53: | | N53: ="SR-"&A53&":"&B53&F53 -> SR-TID1602:EV (ddd003, DCM, "Series Date") | O53: | | P53: =T(W53) -> ImagingStudy.series.started | Q53: | | R53: =T(Y53) -> EHDSImagingStudy- series.started | S53: | | V53: ImagingStudy34 | W53: =_xlfn.XLOOKUP(V53,FHIR!A:A,FHIR!E:E) -> ImagingStudy.series.started | X53: =IF(LEN(V53)>0,_xlfn.XLOOKUP(V53,FHIR!A:A,FHIR!M:M,""),"") -> EHDSImagingStudy30 | Y53: =_xlfn.XLOOKUP(X53,XtEHR!A:A,XtEHR!I:I,"") -> EHDSImagingStudy- series.started
A54: TID1602 | D54: HAS ACQ CONTEXT | E54: TIME | F54: EV (ddd004, DCM, "Series Time") | G54: 1 | H54: Shall be populated if the corresponding attribute is populated in the relevant instance(s). | I54: RC+ | M54: | | N54: ="SR-"&A54&":"&B54&F54 -> SR-TID1602:EV (ddd004, DCM, "Series Time") | O54: | | P54: =T(W54) -> ImagingStudy.series.started | Q54: | | R54: =T(Y54) -> EHDSImagingStudy- series.started | S54: | | V54: ImagingStudy34 | W54: =_xlfn.XLOOKUP(V54,FHIR!A:A,FHIR!E:E) -> ImagingStudy.series.started | X54: =IF(LEN(V54)>0,_xlfn.XLOOKUP(V54,FHIR!A:A,FHIR!M:M,""),"") -> EHDSImagingStudy30 | Y54: =_xlfn.XLOOKUP(X54,XtEHR!A:A,XtEHR!I:I,"") -> EHDSImagingStudy- series.started
A55: TID1602 | D55: HAS ACQ CONTEXT | E55: TEXT | F55: EV (ddd002, DCM, “Series Description”) | G55: 1 | H55: Shall be populated if the corresponding attribute is populated in the relevant instance(s). | I55: RC+ | M55: | | N55: ="SR-"&A55&":"&B55&F55 -> SR-TID1602:EV (ddd002, DCM, “Series Description”) | O55: | | P55: =T(W55) -> ImagingStudy.series.description | Q55: | | R55: =T(Y55) -> EHDSImagingStudy- series.description | S55: | | V55: ImagingStudy28 | W55: =_xlfn.XLOOKUP(V55,FHIR!A:A,FHIR!E:E) -> ImagingStudy.series.description | X55: =IF(LEN(V55)>0,_xlfn.XLOOKUP(V55,FHIR!A:A,FHIR!M:M,""),"") -> EHDSImagingStudy25 | Y55: =_xlfn.XLOOKUP(X55,XtEHR!A:A,XtEHR!I:I,"") -> EHDSImagingStudy- series.description
A56: TID1602 | D56: HAS ACQ CONTEXT | E56: TEXT | F56: EV (ddd005, DCM, “Series Number”) | G56: 1 | H56: Shall be populated if the corresponding attribute is populated in the relevant instance(s). | I56: RC+ | J56: The text string shall be consistent with the value of Series Number (0020,0011) of the referenced series. | M56: | | N56: ="SR-"&A56&":"&B56&F56 -> SR-TID1602:EV (ddd005, DCM, “Series Number”) | O56: | | P56: =T(W56) -> ImagingStudy.series.number | Q56: | | R56: =T(Y56) -> EHDSImagingStudy- series.number | S56: | | V56: ImagingStudy26 | W56: =_xlfn.XLOOKUP(V56,FHIR!A:A,FHIR!E:E) -> ImagingStudy.series.number | X56: =IF(LEN(V56)>0,_xlfn.XLOOKUP(V56,FHIR!A:A,FHIR!M:M,""),"") -> EHDSImagingStudy23 | Y56: =_xlfn.XLOOKUP(X56,XtEHR!A:A,XtEHR!I:I,"") -> EHDSImagingStudy- series.number
A57: TID1602 | D57: HAS ACQ CONTEXT | E57: UIDREF | F57: EV (ddd006, DCM, “Series Instance UID”) | G57: 1 | I57: R+ | M57: | | N57: ="SR-"&A57&":"&B57&F57 -> SR-TID1602:EV (ddd006, DCM, “Series Instance UID”) | O57: | | P57: =T(W57) -> ImagingStudy.series.uid | Q57: | | R57: =T(Y57) -> EHDSImagingStudy- series.seriesUid | S57: | | V57: ImagingStudy25 | W57: =_xlfn.XLOOKUP(V57,FHIR!A:A,FHIR!E:E) -> ImagingStudy.series.uid | X57: =IF(LEN(V57)>0,_xlfn.XLOOKUP(V57,FHIR!A:A,FHIR!M:M,""),"") -> EHDSImagingStudy22 | Y57: =_xlfn.XLOOKUP(X57,XtEHR!A:A,XtEHR!I:I,"") -> EHDSImagingStudy- series.seriesUid
A58: TID1602 | D58: HAS ACQ CONTEXT | E58: CODE | F58: EV (123014, DCM, "Target Region") | G58: 1-n | H58: If present, each content item shall correspond to the TEXT content item below of the same rank. | I58: RC+ | J58: This is a fine-grained series level anatomical region recommended to use DCID 4031 or CID4 | M58: | | N58: ="SR-"&A58&":"&B58&F58 -> SR-TID1602:EV (123014, DCM, "Target Region") | O58: | | P58: =T(W58) -> ImagingStudy.series.bodySite | Q58: | | R58: =T(Y58) -> EHDSImagingStudy- series.bodySite | S58: | | V58: ImagingStudy31 | W58: =_xlfn.XLOOKUP(V58,FHIR!A:A,FHIR!E:E) -> ImagingStudy.series.bodySite | X58: =IF(LEN(V58)>0,_xlfn.XLOOKUP(V58,FHIR!A:A,FHIR!M:M,""),"") -> EHDSImagingStudy28 | Y58: =_xlfn.XLOOKUP(X58,XtEHR!A:A,XtEHR!I:I,"") -> EHDSImagingStudy- series.bodySite
A59: TID1602 | D59: HAS ACQ CONTEXT | E59: TEXT | F59: EV (123014, DCM, "Target Region") | G59: 1-n | H59: If present, each content item shall correspond to the CODE content item above of the same rank. | I59: RC+ | J59: This is a fine-grained series level anatomical region recommended to use DCID 4031 or CID4 | M59: | | N59: ="SR-"&A59&":"&B59&F59 -> SR-TID1602:EV (123014, DCM, "Target Region") | O59: | | P59: =T(W59) -> ImagingStudy.series.bodySite.text | Q59: | | R59: =T(Y59) -> EHDSImagingStudy- series.bodySite | S59: | | V59: ImagingStudy31a | W59: =_xlfn.XLOOKUP(V59,FHIR!A:A,FHIR!E:E) -> ImagingStudy.series.bodySite.text | X59: =IF(LEN(V59)>0,_xlfn.XLOOKUP(V59,FHIR!A:A,FHIR!M:M,""),"") -> EHDSImagingStudy28 | Y59: =_xlfn.XLOOKUP(X59,XtEHR!A:A,XtEHR!I:I,"") -> EHDSImagingStudy- series.bodySite
A60: TID1602 | D60: HAS ACQ CONTEXT | E60: TEXT | F60: EV (ddd007, DCM, “Number of Series Related Instances”) | G60: 1 | I60: R+ | M60: | | N60: ="SR-"&A60&":"&B60&F60 -> SR-TID1602:EV (ddd007, DCM, “Number of Series Related Instances”) | O60: | | P60: =T(W60) -> ImagingStudy.series.numberOfInstances | Q60: | | R60: =T(Y60) -> EHDSImagingStudy- series.numberOfInstances | S60: | | V60: ImagingStudy29 | W60: =_xlfn.XLOOKUP(V60,FHIR!A:A,FHIR!E:E) -> ImagingStudy.series.numberOfInstances | X60: =IF(LEN(V60)>0,_xlfn.XLOOKUP(V60,FHIR!A:A,FHIR!M:M,""),"") -> EHDSImagingStudy26 | Y60: =_xlfn.XLOOKUP(X60,XtEHR!A:A,XtEHR!I:I,"") -> EHDSImagingStudy- series.numberOfInstances
D61: question: does this attribute reflect the number of images in the original series the manifest is based on. Or does it list the amount of images that are referenced a Key images from a series. The scenario is where the MADO manifest references less images from a series than exist in that series. | M61: | | N61: ="SR-"&A61&":"&B61&F61 -> SR-: | O61: | | P61: =T(W61) -> -------- | Q61: | | R61: =T(Y61) | S61: | | W61: =_xlfn.XLOOKUP(V61,FHIR!A:A,FHIR!E:E) -> -------- | X61: =IF(LEN(V61)>0,_xlfn.XLOOKUP(V61,FHIR!A:A,FHIR!M:M,""),"") | Y61: =_xlfn.XLOOKUP(X61,XtEHR!A:A,XtEHR!I:I,"")
M62: | | N62: ="SR-"&A62&":"&B62&F62 -> SR-: | O62: | | P62: =T(W62) -> -------- | Q62: | | R62: =T(Y62) | S62: | | W62: =_xlfn.XLOOKUP(V62,FHIR!A:A,FHIR!E:E) -> -------- | X62: =IF(LEN(V62)>0,_xlfn.XLOOKUP(V62,FHIR!A:A,FHIR!M:M,""),"") | Y62: =_xlfn.XLOOKUP(X62,XtEHR!A:A,XtEHR!I:I,"")
M63: | | N63: ="SR-"&A63&":"&B63&F63 -> SR-: | O63: | | P63: =T(W63) -> -------- | Q63: | | R63: =T(Y63) | S63: | | W63: =_xlfn.XLOOKUP(V63,FHIR!A:A,FHIR!E:E) -> -------- | X63: =IF(LEN(V63)>0,_xlfn.XLOOKUP(V63,FHIR!A:A,FHIR!M:M,""),"") | Y63: =_xlfn.XLOOKUP(X63,XtEHR!A:A,XtEHR!I:I,"")
M64: | | N64: ="SR-"&A64&":"&B64&F64 -> SR-: | O64: | | P64: =T(W64) -> -------- | Q64: | | R64: =T(Y64) | S64: | | W64: =_xlfn.XLOOKUP(V64,FHIR!A:A,FHIR!E:E) -> -------- | X64: =IF(LEN(V64)>0,_xlfn.XLOOKUP(V64,FHIR!A:A,FHIR!M:M,""),"") | Y64: =_xlfn.XLOOKUP(X64,XtEHR!A:A,XtEHR!I:I,"")
M65: | | N65: ="SR-"&A65&":"&B65&F65 -> SR-: | O65: | | P65: =T(W65) -> -------- | Q65: | | R65: =T(Y65) | S65: | | W65: =_xlfn.XLOOKUP(V65,FHIR!A:A,FHIR!E:E) -> -------- | X65: =IF(LEN(V65)>0,_xlfn.XLOOKUP(V65,FHIR!A:A,FHIR!M:M,""),"") | Y65: =_xlfn.XLOOKUP(X65,XtEHR!A:A,XtEHR!I:I,"")
M66: | | N66: ="SR-"&A66&":"&B66&F66 -> SR-: | O66: | | P66: =T(W66) | Q66: | | R66: =T(Y66) | S66: | | X66: =IF(LEN(V66)>0,_xlfn.XLOOKUP(V66,FHIR!A:A,FHIR!M:M,""),"") | Y66: =_xlfn.XLOOKUP(X66,XtEHR!A:A,XtEHR!I:I,"")
M67: | | N67: ="SR-"&A67&":"&B67&F67 -> SR-: | O67: | | P67: =T(W67) | Q67: | | R67: =T(Y67) | S67: | | X67: =IF(LEN(V67)>0,_xlfn.XLOOKUP(V67,FHIR!A:A,FHIR!M:M,""),"") | Y67: =_xlfn.XLOOKUP(X67,XtEHR!A:A,XtEHR!I:I,"")
M68: | | N68: ="SR-"&A68&":"&B68&F68 -> SR-: | O68: | | P68: =T(W68) | Q68: | | R68: =T(Y68) | S68: | | X68: =IF(LEN(V68)>0,_xlfn.XLOOKUP(V68,FHIR!A:A,FHIR!M:M,""),"") | Y68: =_xlfn.XLOOKUP(X68,XtEHR!A:A,XtEHR!I:I,"")
M69: | | N69: ="SR-"&A69&":"&B69&F69 -> SR-: | O69: | | P69: =T(W69) | Q69: | | R69: =T(Y69) | S69: | | X69: =IF(LEN(V69)>0,_xlfn.XLOOKUP(V69,FHIR!A:A,FHIR!M:M,""),"") | Y69: =_xlfn.XLOOKUP(X69,XtEHR!A:A,XtEHR!I:I,"")
M70: | | N70: ="SR-"&A70&":"&B70&F70 -> SR-: | O70: | | P70: =T(W70) | Q70: | | R70: =T(Y70) | S70: | | X70: =IF(LEN(V70)>0,_xlfn.XLOOKUP(V70,FHIR!A:A,FHIR!M:M,""),"") | Y70: =_xlfn.XLOOKUP(X70,XtEHR!A:A,XtEHR!I:I,"")
M71: | | N71: ="SR-"&A71&":"&B71&F71 -> SR-: | O71: | | P71: =T(W71) | Q71: | | R71: =T(Y71) | S71: | | X71: =IF(LEN(V71)>0,_xlfn.XLOOKUP(V71,FHIR!A:A,FHIR!M:M,""),"") | Y71: =_xlfn.XLOOKUP(X71,XtEHR!A:A,XtEHR!I:I,"")
M72: | | N72: ="SR-"&A72&":"&B72&F72 -> SR-: | O72: | | P72: =T(W72) | Q72: | | R72: =T(Y72) | S72: | | X72: =IF(LEN(V72)>0,_xlfn.XLOOKUP(V72,FHIR!A:A,FHIR!M:M,""),"") | Y72: =_xlfn.XLOOKUP(X72,XtEHR!A:A,XtEHR!I:I,"")
M73: | | N73: ="SR-"&A73&":"&B73&F73 -> SR-: | O73: | | P73: =T(W73) | Q73: | | R73: =T(Y73) | S73: | | X73: =IF(LEN(V73)>0,_xlfn.XLOOKUP(V73,FHIR!A:A,FHIR!M:M,""),"") | Y73: =_xlfn.XLOOKUP(X73,XtEHR!A:A,XtEHR!I:I,"")
M74: | | N74: ="SR-"&A74&":"&B74&F74 -> SR-: | O74: | | P74: =T(W74) | Q74: | | R74: =T(Y74) | S74: | | X74: =IF(LEN(V74)>0,_xlfn.XLOOKUP(V74,FHIR!A:A,FHIR!M:M,""),"") | Y74: =_xlfn.XLOOKUP(X74,XtEHR!A:A,XtEHR!I:I,"")
M75: | | N75: ="SR-"&A75&":"&B75&F75 -> SR-: | O75: | | P75: =T(W75) | Q75: | | R75: =T(Y75) | S75: | | X75: =IF(LEN(V75)>0,_xlfn.XLOOKUP(V75,FHIR!A:A,FHIR!M:M,""),"") | Y75: =_xlfn.XLOOKUP(X75,XtEHR!A:A,XtEHR!I:I,"")
M76: | | N76: ="SR-"&A76&":"&B76&F76 -> SR-: | O76: | | P76: =T(W76) | Q76: | | R76: =T(Y76) | S76: | | X76: =IF(LEN(V76)>0,_xlfn.XLOOKUP(V76,FHIR!A:A,FHIR!M:M,""),"") | Y76: =_xlfn.XLOOKUP(X76,XtEHR!A:A,XtEHR!I:I,"")
M77: | | N77: ="SR-"&A77&":"&B77&F77 -> SR-: | O77: | | P77: =T(W77) | Q77: | | R77: =T(Y77) | S77: | | X77: =IF(LEN(V77)>0,_xlfn.XLOOKUP(V77,FHIR!A:A,FHIR!M:M,""),"") | Y77: =_xlfn.XLOOKUP(X77,XtEHR!A:A,XtEHR!I:I,"")
... M81: | | N81: ="SR-"&A81&":"&B81&F81 -> SR-: | O81: | | P81: =T(W81) | Q81: | | R81: =T(Y81) | S81: | | X81: =IF(LEN(V81)>0,_xlfn.XLOOKUP(V81,FHIR!A:A,FHIR!M:M,""),"") | Y81: =_xlfn.XLOOKUP(X81,XtEHR!A:A,XtEHR!I:I,"")
N82: ="SR-"&A82&":"&B82&F82 -> SR-: | X82: =IF(LEN(V82)>0,_xlfn.XLOOKUP(V82,FHIR!A:A,FHIR!M:M,""),"") | Y82: =_xlfn.XLOOKUP(X82,XtEHR!A:A,XtEHR!I:I,"")
N83: ="SR-"&A83&":"&B83&F83 -> SR-: | X83: =IF(LEN(V83)>0,_xlfn.XLOOKUP(V83,FHIR!A:A,FHIR!M:M,""),"") | Y83: =_xlfn.XLOOKUP(X83,XtEHR!A:A,XtEHR!I:I,"")
N84: ="SR-"&A84&":"&B84&F84 -> SR-: | X84: =IF(LEN(V84)>0,_xlfn.XLOOKUP(V84,FHIR!A:A,FHIR!M:M,""),"") | Y84: =_xlfn.XLOOKUP(X84,XtEHR!A:A,XtEHR!I:I,"")
N85: ="SR-"&A85&":"&B85&F85 -> SR-: | X85: =IF(LEN(V85)>0,_xlfn.XLOOKUP(V85,FHIR!A:A,FHIR!M:M,""),"") | Y85: =_xlfn.XLOOKUP(X85,XtEHR!A:A,XtEHR!I:I,"")
N86: ="SR-"&A86&":"&B86&F86 -> SR-: | X86: =IF(LEN(V86)>0,_xlfn.XLOOKUP(V86,FHIR!A:A,FHIR!M:M,""),"") | Y86: =_xlfn.XLOOKUP(X86,XtEHR!A:A,XtEHR!I:I,"")
N87: ="SR-"&A87&":"&B87&F87 -> SR-: | X87: =IF(LEN(V87)>0,_xlfn.XLOOKUP(V87,FHIR!A:A,FHIR!M:M,""),"") | Y87: =_xlfn.XLOOKUP(X87,XtEHR!A:A,XtEHR!I:I,"")
N88: ="SR-"&A88&":"&B88&F88 -> SR-: | X88: =IF(LEN(V88)>0,_xlfn.XLOOKUP(V88,FHIR!A:A,FHIR!M:M,""),"") | Y88: =_xlfn.XLOOKUP(X88,XtEHR!A:A,XtEHR!I:I,"")
N89: ="SR-"&A89&":"&B89&F89 -> SR-: | X89: =IF(LEN(V89)>0,_xlfn.XLOOKUP(V89,FHIR!A:A,FHIR!M:M,""),"") | Y89: =_xlfn.XLOOKUP(X89,XtEHR!A:A,XtEHR!I:I,"")
X90: =IF(LEN(V90)>0,_xlfn.XLOOKUP(V90,FHIR!A:A,FHIR!M:M,""),"") | Y90: =_xlfn.XLOOKUP(X90,XtEHR!A:A,XtEHR!I:I,"")
X91: =IF(LEN(V91)>0,_xlfn.XLOOKUP(V91,FHIR!A:A,FHIR!M:M,""),"") | Y91: =_xlfn.XLOOKUP(X91,XtEHR!A:A,XtEHR!I:I,"")
X92: =IF(LEN(V92)>0,_xlfn.XLOOKUP(V92,FHIR!A:A,FHIR!M:M,""),"") | Y92: =_xlfn.XLOOKUP(X92,XtEHR!A:A,XtEHR!I:I,"")
X93: =IF(LEN(V93)>0,_xlfn.XLOOKUP(V93,FHIR!A:A,FHIR!M:M,""),"") | Y93: =_xlfn.XLOOKUP(X93,XtEHR!A:A,XtEHR!I:I,"")
X94: =IF(LEN(V94)>0,_xlfn.XLOOKUP(V94,FHIR!A:A,FHIR!M:M,""),"") | Y94: =_xlfn.XLOOKUP(X94,XtEHR!A:A,XtEHR!I:I,"")
X95: =IF(LEN(V95)>0,_xlfn.XLOOKUP(V95,FHIR!A:A,FHIR!M:M,""),"") | Y95: =_xlfn.XLOOKUP(X95,XtEHR!A:A,XtEHR!I:I,"")
X96: =IF(LEN(V96)>0,_xlfn.XLOOKUP(V96,FHIR!A:A,FHIR!M:M,""),"") | Y96: =_xlfn.XLOOKUP(X96,XtEHR!A:A,XtEHR!I:I,"")
X97: =IF(LEN(V97)>0,_xlfn.XLOOKUP(V97,FHIR!A:A,FHIR!M:M,""),"") | Y97: =_xlfn.XLOOKUP(X97,XtEHR!A:A,XtEHR!I:I,"")
X98: =IF(LEN(V98)>0,_xlfn.XLOOKUP(V98,FHIR!A:A,FHIR!M:M,""),"") | Y98: =_xlfn.XLOOKUP(X98,XtEHR!A:A,XtEHR!I:I,"")
X99: =IF(LEN(V99)>0,_xlfn.XLOOKUP(V99,FHIR!A:A,FHIR!M:M,""),"") | Y99: =_xlfn.XLOOKUP(X99,XtEHR!A:A,XtEHR!I:I,"")
X100: =IF(LEN(V100)>0,_xlfn.XLOOKUP(V100,FHIR!A:A,FHIR!M:M,""),"") | Y100: =_xlfn.XLOOKUP(X100,XtEHR!A:A,XtEHR!I:I,"")
X101: =IF(LEN(V101)>0,_xlfn.XLOOKUP(V101,FHIR!A:A,FHIR!M:M,""),"") | Y101: =_xlfn.XLOOKUP(X101,XtEHR!A:A,XtEHR!I:I,"")
... X103: =IF(LEN(V103)>0,_xlfn.XLOOKUP(V103,FHIR!A:A,FHIR!M:M,""),"") | Y103: =_xlfn.XLOOKUP(X103,XtEHR!A:A,XtEHR!I:I,"")
Y104: =_xlfn.XLOOKUP(X104,XtEHR!A:A,XtEHR!I:I,"") -> -----------
...

Sheet FHIR
A1: ID | B1: Resource | D1: | | E1: FHIR | F1: | | G1: KOS | H1: | | I1: KOS-SR | J1: | | K1: XtEHR | L1: | | M1: XtEHR
D2: | | E2: -------- | F2: | | G2: -------- | H2: | | I2: -------- | J2: | | K2: -------- | L2: | | M2: --------
A3: ImagingStudy1 | B3: ImagingStudy | D3: | | E3: =IF(LEN(C3)>0,B3&"."&C3,"") | F3: | | G3: =_xlfn.XLOOKUP(A3,KOS!Z:Z,KOS!N:N,"") | H3: | | I3: =_xlfn.XLOOKUP(A3,'KOS SR'!V:V,'KOS SR'!N:N,"") | J3: | | K3: =_xlfn.IFNA(VLOOKUP($M3, XtEHR!A:F,2,FALSE)&"."&TRIM(VLOOKUP($M3, XtEHR!A:F,3,FALSE)),"-") -> - | L3: |
A4: ImagingStudy2 | B4: ImagingStudy | D4: | | E4: =IF(LEN(C4)>0,B4&"."&C4,"") | F4: | | G4: =_xlfn.XLOOKUP(A4,KOS!Z:Z,KOS!N:N,"") | H4: | | I4: =_xlfn.XLOOKUP(A4,'KOS SR'!V:V,'KOS SR'!N:N,"") | J4: | | K4: =_xlfn.IFNA(VLOOKUP($M4, XtEHR!A:F,2,FALSE)&"."&TRIM(VLOOKUP($M4, XtEHR!A:F,3,FALSE)),"-") -> - | L4: | | N4: =_xlfn.IFNA(VLOOKUP($M4, XtEHR!A:F,2,FALSE)&"."&TRIM(VLOOKUP($M4, XtEHR!A:F,3,FALSE)),"-") -> -
A5: ImagingStudy3 | B5: ImagingStudy | C5: identifier[studyInstanceUid] | D5: | | E5: =IF(LEN(C5)>0,B5&"."&C5,"") -> ImagingStudy.identifier[studyInstanceUid] | F5: | | G5: =_xlfn.XLOOKUP(A5,KOS!Z:Z,KOS!N:N,"") -> General Study-StudyInstanceUID | H5: | | I5: =_xlfn.XLOOKUP(A5,'KOS SR'!V:V,'KOS SR'!N:N,"") -> SR-TID1600:EV (ddd011, DCM, “Study Instance UID”) | J5: | | K5: =_xlfn.IFNA(VLOOKUP($M5, XtEHR!A:F,2,FALSE)&"."&TRIM(VLOOKUP($M5, XtEHR!A:F,3,FALSE)),"-") -> EHDSImagingStudy.header.identifier | L5: | | M5: EHDSImagingStudy4
A6: ImagingStudy3.1 | B6: ImagingStudy | C6: identifier[studyUid] | D6: | | E6: =IF(LEN(C6)>0,B6&"."&C6,"") -> ImagingStudy.identifier[studyUid] | F6: | | G6: =_xlfn.XLOOKUP(A6,KOS!Z:Z,KOS!N:N,"") -> General Study-StudyID | H6: | | I6: =_xlfn.XLOOKUP(A6,'KOS SR'!V:V,'KOS SR'!N:N,"") | J6: | | K6: =_xlfn.IFNA(VLOOKUP($M6, XtEHR!A:F,2,FALSE)&"."&TRIM(VLOOKUP($M6, XtEHR!A:F,3,FALSE)),"-") -> - | L6: | | N6: =_xlfn.IFNA(VLOOKUP($M6, XtEHR!A:F,2,FALSE)&"."&TRIM(VLOOKUP($M6, XtEHR!A:F,3,FALSE)),"-") -> -
A7: ImagingStudy4 | B7: ImagingStudy | C7: status | D7: | | E7: =IF(LEN(C7)>0,B7&"."&C7,"") -> ImagingStudy.status | F7: | | G7: =_xlfn.XLOOKUP(A7,KOS!Z:Z,KOS!N:N,"") | H7: | | I7: =_xlfn.XLOOKUP(A7,'KOS SR'!V:V,'KOS SR'!N:N,"") | J7: | | K7: =_xlfn.IFNA(VLOOKUP($M7, XtEHR!A:F,2,FALSE)&"."&TRIM(VLOOKUP($M7, XtEHR!A:F,3,FALSE)),"-") -> EHDSImagingStudy.header.status | L7: | | M7: EHDSImagingStudy9 | N7: =_xlfn.IFNA(VLOOKUP($M7, XtEHR!A:F,2,FALSE)&"."&TRIM(VLOOKUP($M7, XtEHR!A:F,3,FALSE)),"-") -> EHDSImagingStudy.header.status
A8: ImagingStudy5 | B8: ImagingStudy | C8: language | D8: | | E8: =IF(LEN(C8)>0,B8&"."&C8,"") -> ImagingStudy.language | F8: | | G8: =_xlfn.XLOOKUP(A8,KOS!Z:Z,KOS!N:N,"") | H8: | | I8: =_xlfn.XLOOKUP(A8,'KOS SR'!V:V,'KOS SR'!N:N,"") | J8: | | K8: =_xlfn.IFNA(VLOOKUP($M8, XtEHR!A:F,2,FALSE)&"."&TRIM(VLOOKUP($M8, XtEHR!A:F,3,FALSE)),"-") -> EHDSImagingStudy.header.language | L8: | | M8: EHDSImagingStudy10 | N8: =_xlfn.IFNA(VLOOKUP($M8, XtEHR!A:F,2,FALSE)&"."&TRIM(VLOOKUP($M8, XtEHR!A:F,3,FALSE)),"-") -> EHDSImagingStudy.header.language
A9: ImagingStudy6 | B9: ImagingStudy | C9: modality | D9: | | E9: =IF(LEN(C9)>0,B9&"."&C9,"") -> ImagingStudy.modality | F9: | | G9: =_xlfn.XLOOKUP(A9,KOS!Z:Z,KOS!N:N,"") -> General Study-Modality | H9: | | I9: =_xlfn.XLOOKUP(A9,'KOS SR'!V:V,'KOS SR'!N:N,"") -> SR-TID1600:EV (121139, DCM, "Modality") | J9: | | K9: =_xlfn.IFNA(VLOOKUP($M9, XtEHR!A:F,2,FALSE)&"."&TRIM(VLOOKUP($M9, XtEHR!A:F,3,FALSE)),"-") -> EHDSImagingStudy.modality | L9: | | M9: EHDSImagingStudy11 | N9: =_xlfn.IFNA(VLOOKUP($M9, XtEHR!A:F,2,FALSE)&"."&TRIM(VLOOKUP($M9, XtEHR!A:F,3,FALSE)),"-") -> EHDSImagingStudy.modality
A10: ImagingStudy7 | B10: ImagingStudy | C10: extension[anatomical] | D10: | | E10: =IF(LEN(C10)>0,B10&"."&C10,"") -> ImagingStudy.extension[anatomical] | F10: | | G10: =_xlfn.XLOOKUP(A10,KOS!Z:Z,KOS!N:N,"") | H10: | | I10: =_xlfn.XLOOKUP(A10,'KOS SR'!V:V,'KOS SR'!N:N,"") -> SR-TID1600:EV (123014, DCM, "Target Region") | J10: | | K10: =_xlfn.IFNA(VLOOKUP($M10, XtEHR!A:F,2,FALSE)&"."&TRIM(VLOOKUP($M10, XtEHR!A:F,3,FALSE)),"-") -> EHDSImagingStudy.bodySite | L10: | | M10: EHDSImagingStudy12 | N10: =_xlfn.IFNA(VLOOKUP($M10, XtEHR!A:F,2,FALSE)&"."&TRIM(VLOOKUP($M10, XtEHR!A:F,3,FALSE)),"-") -> EHDSImagingStudy.bodySite
A11: ImagingStudy7a | B11: ImagingStudy | C11: extension[anatomical].text | D11: | | E11: =IF(LEN(C11)>0,B11&"."&C11,"") -> ImagingStudy.extension[anatomical].text | F11: | | G11: =_xlfn.XLOOKUP(A11,KOS!Z:Z,KOS!N:N,"") | H11: | | I11: =_xlfn.XLOOKUP(A11,'KOS SR'!V:V,'KOS SR'!N:N,"") -> SR-TID1600:EV (123014, DCM, "Target Region") | J11: | | K11: =_xlfn.IFNA(VLOOKUP($M11, XtEHR!A:F,2,FALSE)&"."&TRIM(VLOOKUP($M11, XtEHR!A:F,3,FALSE)),"-") -> EHDSImagingStudy.bodySite | L11: | | M11: EHDSImagingStudy12 | N11: =_xlfn.IFNA(VLOOKUP($M11, XtEHR!A:F,2,FALSE)&"."&TRIM(VLOOKUP($M11, XtEHR!A:F,3,FALSE)),"-") -> EHDSImagingStudy.bodySite
A12: ImagingStudy8 | B12: ImagingStudy | C12: subject | D12: | | E12: =IF(LEN(C12)>0,B12&"."&C12,"") -> ImagingStudy.subject | F12: | | G12: =_xlfn.XLOOKUP(A12,KOS!Z:Z,KOS!N:N,"") | H12: | | I12: =_xlfn.XLOOKUP(A12,'KOS SR'!V:V,'KOS SR'!N:N,"") | J12: | | K12: =_xlfn.IFNA(VLOOKUP($M12, XtEHR!A:F,2,FALSE)&"."&TRIM(VLOOKUP($M12, XtEHR!A:F,3,FALSE)),"-") -> EHDSImagingStudy.header.subject | L12: | | M12: EHDSImagingStudy3 | N12: =_xlfn.IFNA(VLOOKUP($M12, XtEHR!A:F,2,FALSE)&"."&TRIM(VLOOKUP($M12, XtEHR!A:F,3,FALSE)),"-") -> EHDSImagingStudy.header.subject
A13: ImagingStudy9 | B13: ImagingStudy | C13: encounter | D13: | | E13: =IF(LEN(C13)>0,B13&"."&C13,"") -> ImagingStudy.encounter | F13: | | G13: =_xlfn.XLOOKUP(A13,KOS!Z:Z,KOS!N:N,"") | H13: | | I13: =_xlfn.XLOOKUP(A13,'KOS SR'!V:V,'KOS SR'!N:N,"") | J13: | | K13: =_xlfn.IFNA(VLOOKUP($M13, XtEHR!A:F,2,FALSE)&"."&TRIM(VLOOKUP($M13, XtEHR!A:F,3,FALSE)),"-") -> EHDSImagingStudy.encounter | L13: | | M13: EHDSImagingStudy13 | N13: =_xlfn.IFNA(VLOOKUP($M13, XtEHR!A:F,2,FALSE)&"."&TRIM(VLOOKUP($M13, XtEHR!A:F,3,FALSE)),"-") -> EHDSImagingStudy.encounter
A14: ImagingStudy10 | B14: ImagingStudy | C14: started | D14: | | E14: =IF(LEN(C14)>0,B14&"."&C14,"") -> ImagingStudy.started | F14: | | G14: =_xlfn.XLOOKUP(A14,KOS!Z:Z,KOS!N:N,"") -> General Study-StudyDate | H14: | | I14: =_xlfn.XLOOKUP(A14,'KOS SR'!V:V,'KOS SR'!N:N,"") | J14: | | K14: =_xlfn.IFNA(VLOOKUP($M14, XtEHR!A:F,2,FALSE)&"."&TRIM(VLOOKUP($M14, XtEHR!A:F,3,FALSE)),"-") -> EHDSImagingStudy.started | L14: | | M14: EHDSImagingStudy14 | N14: =_xlfn.IFNA(VLOOKUP($M14, XtEHR!A:F,2,FALSE)&"."&TRIM(VLOOKUP($M14, XtEHR!A:F,3,FALSE)),"-") -> EHDSImagingStudy.started
A15: ImagingStudy11 | B15: ImagingStudy | C15: basedOn | D15: | | E15: =IF(LEN(C15)>0,B15&"."&C15,"") -> ImagingStudy.basedOn | F15: | | G15: =_xlfn.XLOOKUP(A15,KOS!Z:Z,KOS!N:N,"") | H15: | | I15: =_xlfn.XLOOKUP(A15,'KOS SR'!V:V,'KOS SR'!N:N,"") | J15: | | K15: =_xlfn.IFNA(VLOOKUP($M15, XtEHR!A:F,2,FALSE)&"."&TRIM(VLOOKUP($M15, XtEHR!A:F,3,FALSE)),"-") -> EHDSImagingStudy.basedOn | L15: | | M15: EHDSImagingStudy15 | N15: =_xlfn.IFNA(VLOOKUP($M15, XtEHR!A:F,2,FALSE)&"."&TRIM(VLOOKUP($M15, XtEHR!A:F,3,FALSE)),"-") -> EHDSImagingStudy.basedOn
A16: ImagingStudy12 | B16: ImagingStudy | C16: referrer | D16: | | E16: =IF(LEN(C16)>0,B16&"."&C16,"") -> ImagingStudy.referrer | F16: | | G16: =_xlfn.XLOOKUP(A16,KOS!Z:Z,KOS!N:N,"") | H16: | | I16: =_xlfn.XLOOKUP(A16,'KOS SR'!V:V,'KOS SR'!N:N,"") | J16: | | K16: =_xlfn.IFNA(VLOOKUP($M16, XtEHR!A:F,2,FALSE)&"."&TRIM(VLOOKUP($M16, XtEHR!A:F,3,FALSE)),"-") -> - | L16: | | N16: =_xlfn.IFNA(VLOOKUP($M16, XtEHR!A:F,2,FALSE)&"."&TRIM(VLOOKUP($M16, XtEHR!A:F,3,FALSE)),"-") -> -
A17: ImagingStudy13 | B17: ImagingStudy | C17: interpreter | D17: | | E17: =IF(LEN(C17)>0,B17&"."&C17,"") -> ImagingStudy.interpreter | F17: | | G17: =_xlfn.XLOOKUP(A17,KOS!Z:Z,KOS!N:N,"") | H17: | | I17: =_xlfn.XLOOKUP(A17,'KOS SR'!V:V,'KOS SR'!N:N,"") | J17: | | K17: =_xlfn.IFNA(VLOOKUP($M17, XtEHR!A:F,2,FALSE)&"."&TRIM(VLOOKUP($M17, XtEHR!A:F,3,FALSE)),"-") -> - | L17: | | N17: =_xlfn.IFNA(VLOOKUP($M17, XtEHR!A:F,2,FALSE)&"."&TRIM(VLOOKUP($M17, XtEHR!A:F,3,FALSE)),"-") -> -
A18: ImagingStudy14 | B18: ImagingStudy | C18: endpoint | D18: | | E18: =IF(LEN(C18)>0,B18&"."&C18,"") -> ImagingStudy.endpoint | F18: | | G18: =_xlfn.XLOOKUP(A18,KOS!Z:Z,KOS!N:N,"") | H18: | | I18: =_xlfn.XLOOKUP(A18,'KOS SR'!V:V,'KOS SR'!N:N,"") | J18: | | K18: =_xlfn.IFNA(VLOOKUP($M18, XtEHR!A:F,2,FALSE)&"."&TRIM(VLOOKUP($M18, XtEHR!A:F,3,FALSE)),"-") -> EHDSImagingStudy.studyEndpoint | L18: | | M18: EHDSImagingStudy20 | N18: =_xlfn.IFNA(VLOOKUP($M18, XtEHR!A:F,2,FALSE)&"."&TRIM(VLOOKUP($M18, XtEHR!A:F,3,FALSE)),"-") -> EHDSImagingStudy.studyEndpoint
A19: ImagingStudy15 | B19: ImagingStudy | C19: numberOfSeries | D19: | | E19: =IF(LEN(C19)>0,B19&"."&C19,"") -> ImagingStudy.numberOfSeries | F19: | | G19: =_xlfn.XLOOKUP(A19,KOS!Z:Z,KOS!N:N,"") | H19: | | I19: =_xlfn.XLOOKUP(A19,'KOS SR'!V:V,'KOS SR'!N:N,"") | J19: | | K19: =_xlfn.IFNA(VLOOKUP($M19, XtEHR!A:F,2,FALSE)&"."&TRIM(VLOOKUP($M19, XtEHR!A:F,3,FALSE)),"-") -> EHDSImagingStudy.numberOfSeries | L19: | | M19: EHDSImagingStudy16 | N19: =_xlfn.IFNA(VLOOKUP($M19, XtEHR!A:F,2,FALSE)&"."&TRIM(VLOOKUP($M19, XtEHR!A:F,3,FALSE)),"-") -> EHDSImagingStudy.numberOfSeries
A20: ImagingStudy16 | B20: ImagingStudy | C20: numberOfInstances | D20: | | E20: =IF(LEN(C20)>0,B20&"."&C20,"") -> ImagingStudy.numberOfInstances | F20: | | G20: =_xlfn.XLOOKUP(A20,KOS!Z:Z,KOS!N:N,"") | H20: | | I20: =_xlfn.XLOOKUP(A20,'KOS SR'!V:V,'KOS SR'!N:N,"") | J20: | | K20: =_xlfn.IFNA(VLOOKUP($M20, XtEHR!A:F,2,FALSE)&"."&TRIM(VLOOKUP($M20, XtEHR!A:F,3,FALSE)),"-") -> EHDSImagingStudy.numberOfInstances | L20: | | M20: EHDSImagingStudy17 | N20: =_xlfn.IFNA(VLOOKUP($M20, XtEHR!A:F,2,FALSE)&"."&TRIM(VLOOKUP($M20, XtEHR!A:F,3,FALSE)),"-") -> EHDSImagingStudy.numberOfInstances
A21: ImagingStudy17 | B21: ImagingStudy | C21: procedureReference | D21: | | E21: =IF(LEN(C21)>0,B21&"."&C21,"") -> ImagingStudy.procedureReference | F21: | | G21: =_xlfn.XLOOKUP(A21,KOS!Z:Z,KOS!N:N,"") | H21: | | I21: =_xlfn.XLOOKUP(A21,'KOS SR'!V:V,'KOS SR'!N:N,"") | J21: | | K21: =_xlfn.IFNA(VLOOKUP($M21, XtEHR!A:F,2,FALSE)&"."&TRIM(VLOOKUP($M21, XtEHR!A:F,3,FALSE)),"-") -> - | L21: | | N21: =_xlfn.IFNA(VLOOKUP($M21, XtEHR!A:F,2,FALSE)&"."&TRIM(VLOOKUP($M21, XtEHR!A:F,3,FALSE)),"-") -> -
A22: ImagingStudy18 | B22: ImagingStudy | C22: procedureCode | D22: | | E22: =IF(LEN(C22)>0,B22&"."&C22,"") -> ImagingStudy.procedureCode | F22: | | G22: =_xlfn.XLOOKUP(A22,KOS!Z:Z,KOS!N:N,"") | H22: | | I22: =_xlfn.XLOOKUP(A22,'KOS SR'!V:V,'KOS SR'!N:N,"") | J22: | | K22: =_xlfn.IFNA(VLOOKUP($M22, XtEHR!A:F,2,FALSE)&"."&TRIM(VLOOKUP($M22, XtEHR!A:F,3,FALSE)),"-") -> - | L22: | | N22: =_xlfn.IFNA(VLOOKUP($M22, XtEHR!A:F,2,FALSE)&"."&TRIM(VLOOKUP($M22, XtEHR!A:F,3,FALSE)),"-") -> -
A23: ImagingStudy19 | B23: ImagingStudy | C23: location | D23: | | E23: =IF(LEN(C23)>0,B23&"."&C23,"") -> ImagingStudy.location | F23: | | G23: =_xlfn.XLOOKUP(A23,KOS!Z:Z,KOS!N:N,"") | H23: | | I23: =_xlfn.XLOOKUP(A23,'KOS SR'!V:V,'KOS SR'!N:N,"") | J23: | | K23: =_xlfn.IFNA(VLOOKUP($M23, XtEHR!A:F,2,FALSE)&"."&TRIM(VLOOKUP($M23, XtEHR!A:F,3,FALSE)),"-") -> - | L23: | | N23: =_xlfn.IFNA(VLOOKUP($M23, XtEHR!A:F,2,FALSE)&"."&TRIM(VLOOKUP($M23, XtEHR!A:F,3,FALSE)),"-") -> -
A24: ImagingStudy20 | B24: ImagingStudy | C24: reasonCode | D24: | | E24: =IF(LEN(C24)>0,B24&"."&C24,"") -> ImagingStudy.reasonCode | F24: | | G24: =_xlfn.XLOOKUP(A24,KOS!Z:Z,KOS!N:N,"") | H24: | | I24: =_xlfn.XLOOKUP(A24,'KOS SR'!V:V,'KOS SR'!N:N,"") | J24: | | K24: =_xlfn.IFNA(VLOOKUP($M24, XtEHR!A:F,2,FALSE)&"."&TRIM(VLOOKUP($M24, XtEHR!A:F,3,FALSE)),"-") -> - | L24: | | N24: =_xlfn.IFNA(VLOOKUP($M24, XtEHR!A:F,2,FALSE)&"."&TRIM(VLOOKUP($M24, XtEHR!A:F,3,FALSE)),"-") -> -
A25: ImagingStudy21 | B25: ImagingStudy | C25: reasonReference | D25: | | E25: =IF(LEN(C25)>0,B25&"."&C25,"") -> ImagingStudy.reasonReference | F25: | | G25: =_xlfn.XLOOKUP(A25,KOS!Z:Z,KOS!N:N,"") | H25: | | I25: =_xlfn.XLOOKUP(A25,'KOS SR'!V:V,'KOS SR'!N:N,"") | J25: | | K25: =_xlfn.IFNA(VLOOKUP($M25, XtEHR!A:F,2,FALSE)&"."&TRIM(VLOOKUP($M25, XtEHR!A:F,3,FALSE)),"-") -> - | L25: | | N25: =_xlfn.IFNA(VLOOKUP($M25, XtEHR!A:F,2,FALSE)&"."&TRIM(VLOOKUP($M25, XtEHR!A:F,3,FALSE)),"-") -> -
A26: ImagingStudy22 | B26: ImagingStudy | C26: note | D26: | | E26: =IF(LEN(C26)>0,B26&"."&C26,"") -> ImagingStudy.note | F26: | | G26: =_xlfn.XLOOKUP(A26,KOS!Z:Z,KOS!N:N,"") | H26: | | I26: =_xlfn.XLOOKUP(A26,'KOS SR'!V:V,'KOS SR'!N:N,"") | J26: | | K26: =_xlfn.IFNA(VLOOKUP($M26, XtEHR!A:F,2,FALSE)&"."&TRIM(VLOOKUP($M26, XtEHR!A:F,3,FALSE)),"-") -> - | L26: | | N26: =_xlfn.IFNA(VLOOKUP($M26, XtEHR!A:F,2,FALSE)&"."&TRIM(VLOOKUP($M26, XtEHR!A:F,3,FALSE)),"-") -> -
A27: ImagingStudy23 | B27: ImagingStudy | C27: description | D27: | | E27: =IF(LEN(C27)>0,B27&"."&C27,"") -> ImagingStudy.description | F27: | | G27: =_xlfn.XLOOKUP(A27,KOS!Z:Z,KOS!N:N,"") -> General Study-Study Description-Study Description | H27: | | I27: =_xlfn.XLOOKUP(A27,'KOS SR'!V:V,'KOS SR'!N:N,"") | J27: | | K27: =_xlfn.IFNA(VLOOKUP($M27, XtEHR!A:F,2,FALSE)&"."&TRIM(VLOOKUP($M27, XtEHR!A:F,3,FALSE)),"-") -> EHDSImagingStudy.description | L27: | | M27: EHDSImagingStudy18 | N27: =_xlfn.IFNA(VLOOKUP($M27, XtEHR!A:F,2,FALSE)&"."&TRIM(VLOOKUP($M27, XtEHR!A:F,3,FALSE)),"-") -> EHDSImagingStudy.description
A28: ImagingStudy24 | B28: ImagingStudy | C28: series | D28: | | E28: =IF(LEN(C28)>0,B28&"."&C28,"") -> ImagingStudy.series | F28: | | G28: =_xlfn.XLOOKUP(A28,KOS!Z:Z,KOS!N:N,"") | H28: | | I28: =_xlfn.XLOOKUP(A28,'KOS SR'!V:V,'KOS SR'!N:N,"") -> SR-TID1600:EV (ddd010, DCM, “Number of Study Related Series” | J28: | | K28: =_xlfn.IFNA(VLOOKUP($M28, XtEHR!A:F,2,FALSE)&"."&TRIM(VLOOKUP($M28, XtEHR!A:F,3,FALSE)),"-") -> EHDSImagingStudy.series | L28: | | M28: EHDSImagingStudy21 | N28: =_xlfn.IFNA(VLOOKUP($M28, XtEHR!A:F,2,FALSE)&"."&TRIM(VLOOKUP($M28, XtEHR!A:F,3,FALSE)),"-") -> EHDSImagingStudy.series
A29: ImagingStudy25 | B29: ImagingStudy | C29: series.uid | D29: | | E29: =IF(LEN(C29)>0,B29&"."&C29,"") -> ImagingStudy.series.uid | F29: | | G29: =_xlfn.XLOOKUP(A29,KOS!Z:Z,KOS!N:N,"") -> Key Object Document-Current Requested Procedure Evidence Sequence-Referenced Series Sequence-Series Instance UID | H29: | | I29: =_xlfn.XLOOKUP(A29,'KOS SR'!V:V,'KOS SR'!N:N,"") -> SR-TID1602:EV (ddd006, DCM, “Series Instance UID”) | J29: | | K29: =_xlfn.IFNA(VLOOKUP($M29, XtEHR!A:F,2,FALSE)&"."&TRIM(VLOOKUP($M29, XtEHR!A:F,3,FALSE)),"-") -> EHDSImagingStudy.series.seriesUid | L29: | | M29: EHDSImagingStudy22 | N29: =_xlfn.IFNA(VLOOKUP($M29, XtEHR!A:F,2,FALSE)&"."&TRIM(VLOOKUP($M29, XtEHR!A:F,3,FALSE)),"-") -> EHDSImagingStudy.series.seriesUid
A30: ImagingStudy26 | B30: ImagingStudy | C30: series.number | D30: | | E30: =IF(LEN(C30)>0,B30&"."&C30,"") -> ImagingStudy.series.number | F30: | | G30: =_xlfn.XLOOKUP(A30,KOS!Z:Z,KOS!N:N,"") -> Key Object Document Series-Series Number | H30: | | I30: =_xlfn.XLOOKUP(A30,'KOS SR'!V:V,'KOS SR'!N:N,"") -> SR-TID1602:EV (ddd005, DCM, “Series Number”) | J30: | | K30: =_xlfn.IFNA(VLOOKUP($M30, XtEHR!A:F,2,FALSE)&"."&TRIM(VLOOKUP($M30, XtEHR!A:F,3,FALSE)),"-") -> EHDSImagingStudy.series.number | L30: | | M30: EHDSImagingStudy23 | N30: =_xlfn.IFNA(VLOOKUP($M30, XtEHR!A:F,2,FALSE)&"."&TRIM(VLOOKUP($M30, XtEHR!A:F,3,FALSE)),"-") -> EHDSImagingStudy.series.number
A31: ImagingStudy27 | B31: ImagingStudy | C31: series.modality | D31: | | E31: =IF(LEN(C31)>0,B31&"."&C31,"") -> ImagingStudy.series.modality | F31: | | G31: =_xlfn.XLOOKUP(A31,KOS!Z:Z,KOS!N:N,"") -> Key Object Document Series-Modality | H31: | | I31: =_xlfn.XLOOKUP(A31,'KOS SR'!V:V,'KOS SR'!N:N,"") -> SR-TID1602:1EV (121139, DCM, "Modality") | J31: | | K31: =_xlfn.IFNA(VLOOKUP($M31, XtEHR!A:F,2,FALSE)&"."&TRIM(VLOOKUP($M31, XtEHR!A:F,3,FALSE)),"-") -> EHDSImagingStudy.series.seriesModality | L31: | | M31: EHDSImagingStudy24 | N31: =_xlfn.IFNA(VLOOKUP($M31, XtEHR!A:F,2,FALSE)&"."&TRIM(VLOOKUP($M31, XtEHR!A:F,3,FALSE)),"-") -> EHDSImagingStudy.series.seriesModality
A32: ImagingStudy28 | B32: ImagingStudy | C32: series.description | D32: | | E32: =IF(LEN(C32)>0,B32&"."&C32,"") -> ImagingStudy.series.description | F32: | | G32: =_xlfn.XLOOKUP(A32,KOS!Z:Z,KOS!N:N,"") -> Key Object Document Series-Series Description | H32: | | I32: =_xlfn.XLOOKUP(A32,'KOS SR'!V:V,'KOS SR'!N:N,"") -> SR-TID1602:EV (ddd002, DCM, “Series Description”) | J32: | | K32: =_xlfn.IFNA(VLOOKUP($M32, XtEHR!A:F,2,FALSE)&"."&TRIM(VLOOKUP($M32, XtEHR!A:F,3,FALSE)),"-") -> EHDSImagingStudy.series.description | L32: | | M32: EHDSImagingStudy25 | N32: =_xlfn.IFNA(VLOOKUP($M32, XtEHR!A:F,2,FALSE)&"."&TRIM(VLOOKUP($M32, XtEHR!A:F,3,FALSE)),"-") -> EHDSImagingStudy.series.description
A33: ImagingStudy29 | B33: ImagingStudy | C33: series.numberOfInstances | D33: | | E33: =IF(LEN(C33)>0,B33&"."&C33,"") -> ImagingStudy.series.numberOfInstances | F33: | | G33: =_xlfn.XLOOKUP(A33,KOS!Z:Z,KOS!N:N,"") | H33: | | I33: =_xlfn.XLOOKUP(A33,'KOS SR'!V:V,'KOS SR'!N:N,"") -> SR-TID1602:EV (ddd007, DCM, “Number of Series Related Instances”) | J33: | | K33: =_xlfn.IFNA(VLOOKUP($M33, XtEHR!A:F,2,FALSE)&"."&TRIM(VLOOKUP($M33, XtEHR!A:F,3,FALSE)),"-") -> EHDSImagingStudy.series.numberOfInstances | L33: | | M33: EHDSImagingStudy26 | N33: =_xlfn.IFNA(VLOOKUP($M33, XtEHR!A:F,2,FALSE)&"."&TRIM(VLOOKUP($M33, XtEHR!A:F,3,FALSE)),"-") -> EHDSImagingStudy.series.numberOfInstances
A34: ImagingStudy30 | B34: ImagingStudy | C34: series.endpoint | D34: | | E34: =IF(LEN(C34)>0,B34&"."&C34,"") -> ImagingStudy.series.endpoint | F34: | | G34: =_xlfn.XLOOKUP(A34,KOS!Z:Z,KOS!N:N,"") | H34: | | I34: =_xlfn.XLOOKUP(A34,'KOS SR'!V:V,'KOS SR'!N:N,"") | J34: | | K34: =_xlfn.IFNA(VLOOKUP($M34, XtEHR!A:F,2,FALSE)&"."&TRIM(VLOOKUP($M34, XtEHR!A:F,3,FALSE)),"-") -> EHDSImagingStudy.series.seriesEndpoint | L34: | | M34: EHDSImagingStudy27 | N34: =_xlfn.IFNA(VLOOKUP($M34, XtEHR!A:F,2,FALSE)&"."&TRIM(VLOOKUP($M34, XtEHR!A:F,3,FALSE)),"-") -> EHDSImagingStudy.series.seriesEndpoint
A35: ImagingStudy31 | B35: ImagingStudy | C35: series.bodySite | D35: | | E35: =IF(LEN(C35)>0,B35&"."&C35,"") -> ImagingStudy.series.bodySite | F35: | | G35: =_xlfn.XLOOKUP(A35,KOS!Z:Z,KOS!N:N,"") | H35: | | I35: =_xlfn.XLOOKUP(A35,'KOS SR'!V:V,'KOS SR'!N:N,"") -> SR-TID1602:EV (123014, DCM, "Target Region") | J35: | | K35: =_xlfn.IFNA(VLOOKUP($M35, XtEHR!A:F,2,FALSE)&"."&TRIM(VLOOKUP($M35, XtEHR!A:F,3,FALSE)),"-") -> EHDSImagingStudy.series.bodySite | L35: | | M35: EHDSImagingStudy28 | N35: =_xlfn.IFNA(VLOOKUP($M35, XtEHR!A:F,2,FALSE)&"."&TRIM(VLOOKUP($M35, XtEHR!A:F,3,FALSE)),"-") -> EHDSImagingStudy.series.bodySite
A36: ImagingStudy31a | B36: ImagingStudy | C36: series.bodySite.text | D36: | | E36: =IF(LEN(C36)>0,B36&"."&C36,"") -> ImagingStudy.series.bodySite.text | F36: | | G36: =_xlfn.XLOOKUP(A36,KOS!Z:Z,KOS!N:N,"") | H36: | | I36: =_xlfn.XLOOKUP(A36,'KOS SR'!V:V,'KOS SR'!N:N,"") -> SR-TID1602:EV (123014, DCM, "Target Region") | J36: | | K36: =_xlfn.IFNA(VLOOKUP($M36, XtEHR!A:F,2,FALSE)&"."&TRIM(VLOOKUP($M36, XtEHR!A:F,3,FALSE)),"-") -> EHDSImagingStudy.series.bodySite | L36: | | M36: EHDSImagingStudy28 | N36: =_xlfn.IFNA(VLOOKUP($M36, XtEHR!A:F,2,FALSE)&"."&TRIM(VLOOKUP($M36, XtEHR!A:F,3,FALSE)),"-") -> EHDSImagingStudy.series.bodySite
A37: ImagingStudy32 | B37: ImagingStudy | C37: series.laterality | D37: | | E37: =IF(LEN(C37)>0,B37&"."&C37,"") -> ImagingStudy.series.laterality | F37: | | G37: =_xlfn.XLOOKUP(A37,KOS!Z:Z,KOS!N:N,"") | H37: | | I37: =_xlfn.XLOOKUP(A37,'KOS SR'!V:V,'KOS SR'!N:N,"") | J37: | | K37: =_xlfn.IFNA(VLOOKUP($M37, XtEHR!A:F,2,FALSE)&"."&TRIM(VLOOKUP($M37, XtEHR!A:F,3,FALSE)),"-") -> - | L37: | | N37: =_xlfn.IFNA(VLOOKUP($M37, XtEHR!A:F,2,FALSE)&"."&TRIM(VLOOKUP($M37, XtEHR!A:F,3,FALSE)),"-") -> -
A38: ImagingStudy33 | B38: ImagingStudy | C38: series.specimen | D38: | | E38: =IF(LEN(C38)>0,B38&"."&C38,"") -> ImagingStudy.series.specimen | F38: | | G38: =_xlfn.XLOOKUP(A38,KOS!Z:Z,KOS!N:N,"") | H38: | | I38: =_xlfn.XLOOKUP(A38,'KOS SR'!V:V,'KOS SR'!N:N,"") | J38: | | K38: =_xlfn.IFNA(VLOOKUP($M38, XtEHR!A:F,2,FALSE)&"."&TRIM(VLOOKUP($M38, XtEHR!A:F,3,FALSE)),"-") -> EHDSImagingStudy.series.specimen | L38: | | M38: EHDSImagingStudy29 | N38: =_xlfn.IFNA(VLOOKUP($M38, XtEHR!A:F,2,FALSE)&"."&TRIM(VLOOKUP($M38, XtEHR!A:F,3,FALSE)),"-") -> EHDSImagingStudy.series.specimen
A39: ImagingStudy34 | B39: ImagingStudy | C39: series.started | D39: | | E39: =IF(LEN(C39)>0,B39&"."&C39,"") -> ImagingStudy.series.started | F39: | | G39: =_xlfn.XLOOKUP(A39,KOS!Z:Z,KOS!N:N,"") -> Key Object Document Series-Series Date | H39: | | I39: =_xlfn.XLOOKUP(A39,'KOS SR'!V:V,'KOS SR'!N:N,"") -> SR-TID1602:EV (ddd003, DCM, "Series Date") | J39: | | K39: =_xlfn.IFNA(VLOOKUP($M39, XtEHR!A:F,2,FALSE)&"."&TRIM(VLOOKUP($M39, XtEHR!A:F,3,FALSE)),"-") -> EHDSImagingStudy.series.started | L39: | | M39: EHDSImagingStudy30 | N39: =_xlfn.IFNA(VLOOKUP($M39, XtEHR!A:F,2,FALSE)&"."&TRIM(VLOOKUP($M39, XtEHR!A:F,3,FALSE)),"-") -> EHDSImagingStudy.series.started
A40: ImagingStudy35 | B40: ImagingStudy | C40: series.performer | D40: | | E40: =IF(LEN(C40)>0,B40&"."&C40,"") -> ImagingStudy.series.performer | F40: | | G40: =_xlfn.XLOOKUP(A40,KOS!Z:Z,KOS!N:N,"") | H40: | | I40: =_xlfn.XLOOKUP(A40,'KOS SR'!V:V,'KOS SR'!N:N,"") | J40: | | K40: =_xlfn.IFNA(VLOOKUP($M40, XtEHR!A:F,2,FALSE)&"."&TRIM(VLOOKUP($M40, XtEHR!A:F,3,FALSE)),"-") -> - | L40: | | N40: =_xlfn.IFNA(VLOOKUP($M40, XtEHR!A:F,2,FALSE)&"."&TRIM(VLOOKUP($M40, XtEHR!A:F,3,FALSE)),"-") -> -
A41: ImagingStudy36 | B41: ImagingStudy | C41: series.instance | D41: | | E41: =IF(LEN(C41)>0,B41&"."&C41,"") -> ImagingStudy.series.instance | F41: | | G41: =_xlfn.XLOOKUP(A41,KOS!Z:Z,KOS!N:N,"") | H41: | | I41: =_xlfn.XLOOKUP(A41,'KOS SR'!V:V,'KOS SR'!N:N,"") | J41: | | K41: =_xlfn.IFNA(VLOOKUP($M41, XtEHR!A:F,2,FALSE)&"."&TRIM(VLOOKUP($M41, XtEHR!A:F,3,FALSE)),"-") -> EHDSImagingStudy.series.instancesInTheSeries | L41: | | M41: EHDSImagingStudy31 | N41: =_xlfn.IFNA(VLOOKUP($M41, XtEHR!A:F,2,FALSE)&"."&TRIM(VLOOKUP($M41, XtEHR!A:F,3,FALSE)),"-") -> EHDSImagingStudy.series.instancesInTheSeries
A42: ImagingStudy37 | B42: ImagingStudy | C42: series.instance.uid | D42: | | E42: =IF(LEN(C42)>0,B42&"."&C42,"") -> ImagingStudy.series.instance.uid | F42: | | G42: =_xlfn.XLOOKUP(A42,KOS!Z:Z,KOS!N:N,"") -> Key Object Document-Current Requested Procedure Evidence Sequence-Referenced Series Sequence-Referenced SOP Sequence-Referenced SOP Instance UID | H42: | | I42: =_xlfn.XLOOKUP(A42,'KOS SR'!V:V,'KOS SR'!N:N,"") | J42: | | K42: =_xlfn.IFNA(VLOOKUP($M42, XtEHR!A:F,2,FALSE)&"."&TRIM(VLOOKUP($M42, XtEHR!A:F,3,FALSE)),"-") -> EHDSImagingStudy.series.instancesInTheSeries.instanceUid | L42: | | M42: EHDSImagingStudy33 | N42: =_xlfn.IFNA(VLOOKUP($M42, XtEHR!A:F,2,FALSE)&"."&TRIM(VLOOKUP($M42, XtEHR!A:F,3,FALSE)),"-") -> EHDSImagingStudy.series.instancesInTheSeries.instanceUid
A43: ImagingStudy38 | B43: ImagingStudy | C43: series.instance.sopClass | D43: | | E43: =IF(LEN(C43)>0,B43&"."&C43,"") -> ImagingStudy.series.instance.sopClass | F43: | | G43: =_xlfn.XLOOKUP(A43,KOS!Z:Z,KOS!N:N,"") -> Key Object Document-Current Requested Procedure Evidence Sequence-Referenced Series Sequence-Referenced SOP Sequence-Referenced SOP Class UID | H43: | | I43: =_xlfn.XLOOKUP(A43,'KOS SR'!V:V,'KOS SR'!N:N,"") | J43: | | K43: =_xlfn.IFNA(VLOOKUP($M43, XtEHR!A:F,2,FALSE)&"."&TRIM(VLOOKUP($M43, XtEHR!A:F,3,FALSE)),"-") -> EHDSImagingStudy.series.instancesInTheSeries.sopClass | L43: | | M43: EHDSImagingStudy34 | N43: =_xlfn.IFNA(VLOOKUP($M43, XtEHR!A:F,2,FALSE)&"."&TRIM(VLOOKUP($M43, XtEHR!A:F,3,FALSE)),"-") -> EHDSImagingStudy.series.instancesInTheSeries.sopClass
A44: ImagingStudy39 | B44: ImagingStudy | C44: series.instance.number | D44: | | E44: =IF(LEN(C44)>0,B44&"."&C44,"") -> ImagingStudy.series.instance.number | F44: | | G44: =_xlfn.XLOOKUP(A44,KOS!Z:Z,KOS!N:N,"") | H44: | | I44: =_xlfn.XLOOKUP(A44,'KOS SR'!V:V,'KOS SR'!N:N,"") -> SR-TID1601:EV (ddd008, DCM, “Instance Number”) | J44: | | K44: =_xlfn.IFNA(VLOOKUP($M44, XtEHR!A:F,2,FALSE)&"."&TRIM(VLOOKUP($M44, XtEHR!A:F,3,FALSE)),"-") -> EHDSImagingStudy.series.instancesInTheSeries.instanceNumber | L44: | | M44: EHDSImagingStudy35 | N44: =_xlfn.IFNA(VLOOKUP($M44, XtEHR!A:F,2,FALSE)&"."&TRIM(VLOOKUP($M44, XtEHR!A:F,3,FALSE)),"-") -> EHDSImagingStudy.series.instancesInTheSeries.instanceNumber
A45: ImagingStudy40 | B45: ImagingStudy | C45: series.instance.title | D45: | | E45: =IF(LEN(C45)>0,B45&"."&C45,"") -> ImagingStudy.series.instance.title | F45: | | G45: =_xlfn.XLOOKUP(A45,KOS!Z:Z,KOS!N:N,"") | H45: | | I45: =_xlfn.XLOOKUP(A45,'KOS SR'!V:V,'KOS SR'!N:N,"") | J45: | | K45: =_xlfn.IFNA(VLOOKUP($M45, XtEHR!A:F,2,FALSE)&"."&TRIM(VLOOKUP($M45, XtEHR!A:F,3,FALSE)),"-") -> EHDSImagingStudy.series.instancesInTheSeries.instanceTitle | L45: | | M45: EHDSImagingStudy32 | N45: =_xlfn.IFNA(VLOOKUP($M45, XtEHR!A:F,2,FALSE)&"."&TRIM(VLOOKUP($M45, XtEHR!A:F,3,FALSE)),"-") -> EHDSImagingStudy.series.instancesInTheSeries.instanceTitle
A46: ImagingStudy41 | B46: ImagingStudy | C46: series.instance.extension[numberOfFrames] | D46: | | E46: =IF(LEN(C46)>0,B46&"."&C46,"") -> ImagingStudy.series.instance.extension[numberOfFrames] | F46: | | G46: =_xlfn.XLOOKUP(A46,KOS!Z:Z,KOS!N:N,"") | H46: | | I46: =_xlfn.XLOOKUP(A46,'KOS SR'!V:V,'KOS SR'!N:N,"") -> SR-TID1601:EV (121140, DCM, “Number of Frames”) | J46: | | K46: =_xlfn.IFNA(VLOOKUP($M46, XtEHR!A:F,2,FALSE)&"."&TRIM(VLOOKUP($M46, XtEHR!A:F,3,FALSE)),"-") -> EHDSImagingStudy.series.instancesInTheSeries.numberOfFrames | L46: | | M46: EHDSImagingStudy36 | N46: =_xlfn.IFNA(VLOOKUP($M46, XtEHR!A:F,2,FALSE)&"."&TRIM(VLOOKUP($M46, XtEHR!A:F,3,FALSE)),"-") -> EHDSImagingStudy.series.instancesInTheSeries.numberOfFrames
A47: ImagingStudy42 | B47: ImagingStudy | C47: series.instance.extension[representative] | D47: | | E47: =IF(LEN(C47)>0,B47&"."&C47,"") -> ImagingStudy.series.instance.extension[representative] | F47: | | G47: =_xlfn.XLOOKUP(A47,KOS!Z:Z,KOS!N:N,"") | H47: | | I47: =_xlfn.XLOOKUP(A47,'KOS SR'!V:V,'KOS SR'!N:N,"") -> SR-TID2010:8 | J47: | | K47: =_xlfn.IFNA(VLOOKUP($M47, XtEHR!A:F,2,FALSE)&"."&TRIM(VLOOKUP($M47, XtEHR!A:F,3,FALSE)),"-") -> - | L47: | | N47: =_xlfn.IFNA(VLOOKUP($M47, XtEHR!A:F,2,FALSE)&"."&TRIM(VLOOKUP($M47, XtEHR!A:F,3,FALSE)),"-") -> -
D49: | | E49: FHIR | F49: | | G49: KOS | H49: | | I49: KOS-SR | J49: | | K49: XtEHR | L49: |
D50: | | E50: -------- | F50: | | G50: -------- | H50: | | I50: -------- | J50: | | K50: -------- | L50: |
A51: MhdDocRef1 | B51: MhDDocumentReference | C51: identifier | D51: | | E51: =IF(LEN(C51)>0,B51&"."&C51,"") -> MhDDocumentReference.identifier | F51: | | G51: =_xlfn.XLOOKUP(A51,KOS!Z:Z,KOS!N:N,"") | H51: | | I51: =_xlfn.XLOOKUP(A51,'KOS SR'!V:V,'KOS SR'!N:N,"") | J51: | | K51: =_xlfn.IFNA(VLOOKUP($M51, XtEHR!A:F,2,FALSE)&"."&TRIM(VLOOKUP($M51, XtEHR!A:F,3,FALSE)),"-") -> EHDSImagingStudy.header.identifier | L51: | | M51: EHDSImagingStudy4 | N51: =_xlfn.IFNA(VLOOKUP($M51, XtEHR!A:F,2,FALSE)&"."&TRIM(VLOOKUP($M51, XtEHR!A:F,3,FALSE)),"-") -> EHDSImagingStudy.header.identifier
A52: MhdDocRef2 | B52: MhDDocumentReference | C52: status | D52: | | E52: =IF(LEN(C52)>0,B52&"."&C52,"") -> MhDDocumentReference.status | F52: | | G52: =_xlfn.XLOOKUP(A52,KOS!Z:Z,KOS!N:N,"") | H52: | | I52: =_xlfn.XLOOKUP(A52,'KOS SR'!V:V,'KOS SR'!N:N,"") | J52: | | K52: =_xlfn.IFNA(VLOOKUP($M52, XtEHR!A:F,2,FALSE)&"."&TRIM(VLOOKUP($M52, XtEHR!A:F,3,FALSE)),"-") -> - | L52: | | N52: =_xlfn.IFNA(VLOOKUP($M52, XtEHR!A:F,2,FALSE)&"."&TRIM(VLOOKUP($M52, XtEHR!A:F,3,FALSE)),"-") -> -
A53: MhdDocRef3 | B53: MhDDocumentReference | C53: docStatus | D53: | | E53: =IF(LEN(C53)>0,B53&"."&C53,"") -> MhDDocumentReference.docStatus | F53: | | G53: =_xlfn.XLOOKUP(A53,KOS!Z:Z,KOS!N:N,"") | H53: | | I53: =_xlfn.XLOOKUP(A53,'KOS SR'!V:V,'KOS SR'!N:N,"") | J53: | | K53: =_xlfn.IFNA(VLOOKUP($M53, XtEHR!A:F,2,FALSE)&"."&TRIM(VLOOKUP($M53, XtEHR!A:F,3,FALSE)),"-") -> - | L53: | | N53: =_xlfn.IFNA(VLOOKUP($M53, XtEHR!A:F,2,FALSE)&"."&TRIM(VLOOKUP($M53, XtEHR!A:F,3,FALSE)),"-") -> -
A54: MhdDocRef4 | B54: MhDDocumentReference | C54: type | D54: | | E54: =IF(LEN(C54)>0,B54&"."&C54,"") -> MhDDocumentReference.type | F54: | | G54: =_xlfn.XLOOKUP(A54,KOS!Z:Z,KOS!N:N,"") | H54: | | I54: =_xlfn.XLOOKUP(A54,'KOS SR'!V:V,'KOS SR'!N:N,"") | J54: | | K54: =_xlfn.IFNA(VLOOKUP($M54, XtEHR!A:F,2,FALSE)&"."&TRIM(VLOOKUP($M54, XtEHR!A:F,3,FALSE)),"-") -> - | L54: | | N54: =_xlfn.IFNA(VLOOKUP($M54, XtEHR!A:F,2,FALSE)&"."&TRIM(VLOOKUP($M54, XtEHR!A:F,3,FALSE)),"-") -> -
A55: MhdDocRef5 | B55: MhDDocumentReference | C55: category | D55: | | E55: =IF(LEN(C55)>0,B55&"."&C55,"") -> MhDDocumentReference.category | F55: | | G55: =_xlfn.XLOOKUP(A55,KOS!Z:Z,KOS!N:N,"") | H55: | | I55: =_xlfn.XLOOKUP(A55,'KOS SR'!V:V,'KOS SR'!N:N,"") | J55: | | K55: =_xlfn.IFNA(VLOOKUP($M55, XtEHR!A:F,2,FALSE)&"."&TRIM(VLOOKUP($M55, XtEHR!A:F,3,FALSE)),"-") -> - | L55: | | N55: =_xlfn.IFNA(VLOOKUP($M55, XtEHR!A:F,2,FALSE)&"."&TRIM(VLOOKUP($M55, XtEHR!A:F,3,FALSE)),"-") -> -
A56: MhdDocRef6 | B56: MhDDocumentReference | C56: subject | D56: | | E56: =IF(LEN(C56)>0,B56&"."&C56,"") -> MhDDocumentReference.subject | F56: | | G56: =_xlfn.XLOOKUP(A56,KOS!Z:Z,KOS!N:N,"") | H56: | | I56: =_xlfn.XLOOKUP(A56,'KOS SR'!V:V,'KOS SR'!N:N,"") | J56: | | K56: =_xlfn.IFNA(VLOOKUP($M56, XtEHR!A:F,2,FALSE)&"."&TRIM(VLOOKUP($M56, XtEHR!A:F,3,FALSE)),"-") -> - | L56: | | N56: =_xlfn.IFNA(VLOOKUP($M56, XtEHR!A:F,2,FALSE)&"."&TRIM(VLOOKUP($M56, XtEHR!A:F,3,FALSE)),"-") -> -
A57: MhdDocRef7 | B57: MhDDocumentReference | C57: date | D57: | | E57: =IF(LEN(C57)>0,B57&"."&C57,"") -> MhDDocumentReference.date | F57: | | G57: =_xlfn.XLOOKUP(A57,KOS!Z:Z,KOS!N:N,"") -> Key Object Document-Content Date | H57: | | I57: =_xlfn.XLOOKUP(A57,'KOS SR'!V:V,'KOS SR'!N:N,"") | J57: | | K57: =_xlfn.IFNA(VLOOKUP($M57, XtEHR!A:F,2,FALSE)&"."&TRIM(VLOOKUP($M57, XtEHR!A:F,3,FALSE)),"-") -> - | L57: | | N57: =_xlfn.IFNA(VLOOKUP($M57, XtEHR!A:F,2,FALSE)&"."&TRIM(VLOOKUP($M57, XtEHR!A:F,3,FALSE)),"-") -> -
A58: MhdDocRef8 | B58: MhDDocumentReference | C58: author[madoDevice] | D58: | | E58: =IF(LEN(C58)>0,B58&"."&C58,"") -> MhDDocumentReference.author[madoDevice] | F58: | | G58: =_xlfn.XLOOKUP(A58,KOS!Z:Z,KOS!N:N,"") -> General Equipment-Manufacturer | H58: | | I58: =_xlfn.XLOOKUP(A58,'KOS SR'!V:V,'KOS SR'!N:N,"") | J58: | | K58: =_xlfn.IFNA(VLOOKUP($M58, XtEHR!A:F,2,FALSE)&"."&TRIM(VLOOKUP($M58, XtEHR!A:F,3,FALSE)),"-") -> EHDSImagingStudy.header.author[EHDSDevice] | L58: | | M58: EHDSImagingStudy7 | N58: =_xlfn.IFNA(VLOOKUP($M58, XtEHR!A:F,2,FALSE)&"."&TRIM(VLOOKUP($M58, XtEHR!A:F,3,FALSE)),"-") -> EHDSImagingStudy.header.author[EHDSDevice]
A59: MhdDocRef9 | B59: MhDDocumentReference | C59: author[organization] | D59: | | E59: =IF(LEN(C59)>0,B59&"."&C59,"") -> MhDDocumentReference.author[organization] | F59: | | G59: =_xlfn.XLOOKUP(A59,KOS!Z:Z,KOS!N:N,"") -> General Equipment-Institution Name | H59: | | I59: =_xlfn.XLOOKUP(A59,'KOS SR'!V:V,'KOS SR'!N:N,"") | J59: | | K59: =_xlfn.IFNA(VLOOKUP($M59, XtEHR!A:F,2,FALSE)&"."&TRIM(VLOOKUP($M59, XtEHR!A:F,3,FALSE)),"-") -> EHDSImagingStudy.header.author[EHDSOrganization] | L59: | | M59: EHDSImagingStudy6 | N59: =_xlfn.IFNA(VLOOKUP($M59, XtEHR!A:F,2,FALSE)&"."&TRIM(VLOOKUP($M59, XtEHR!A:F,3,FALSE)),"-") -> EHDSImagingStudy.header.author[EHDSOrganization]
A60: MhdDocRef10 | B60: MhDDocumentReference | D60: | | E60: =IF(LEN(C60)>0,B60&"."&C60,"") | F60: | | G60: =_xlfn.XLOOKUP(A60,KOS!Z:Z,KOS!N:N,"") | H60: | | I60: =_xlfn.XLOOKUP(A60,'KOS SR'!V:V,'KOS SR'!N:N,"") | J60: | | K60: =_xlfn.IFNA(VLOOKUP($M60, XtEHR!A:F,2,FALSE)&"."&TRIM(VLOOKUP($M60, XtEHR!A:F,3,FALSE)),"-") -> - | L60: | | N60: =_xlfn.IFNA(VLOOKUP($M60, XtEHR!A:F,2,FALSE)&"."&TRIM(VLOOKUP($M60, XtEHR!A:F,3,FALSE)),"-") -> -
A61: MhdDocRef11 | B61: MhDDocumentReference | C61: authenticator | D61: | | E61: =IF(LEN(C61)>0,B61&"."&C61,"") -> MhDDocumentReference.authenticator | F61: | | G61: =_xlfn.XLOOKUP(A61,KOS!Z:Z,KOS!N:N,"") | H61: | | I61: =_xlfn.XLOOKUP(A61,'KOS SR'!V:V,'KOS SR'!N:N,"") | J61: | | K61: =_xlfn.IFNA(VLOOKUP($M61, XtEHR!A:F,2,FALSE)&"."&TRIM(VLOOKUP($M61, XtEHR!A:F,3,FALSE)),"-") -> - | L61: | | N61: =_xlfn.IFNA(VLOOKUP($M61, XtEHR!A:F,2,FALSE)&"."&TRIM(VLOOKUP($M61, XtEHR!A:F,3,FALSE)),"-") -> -
A62: MhdDocRef12 | B62: MhDDocumentReference | C62: custodian | D62: | | E62: =IF(LEN(C62)>0,B62&"."&C62,"") -> MhDDocumentReference.custodian | F62: | | G62: =_xlfn.XLOOKUP(A62,KOS!Z:Z,KOS!N:N,"") | H62: | | I62: =_xlfn.XLOOKUP(A62,'KOS SR'!V:V,'KOS SR'!N:N,"") | J62: | | K62: =_xlfn.IFNA(VLOOKUP($M62, XtEHR!A:F,2,FALSE)&"."&TRIM(VLOOKUP($M62, XtEHR!A:F,3,FALSE)),"-") -> EHDSImagingStudy.studyCustodian | L62: | | M62: EHDSImagingStudy19 | N62: =_xlfn.IFNA(VLOOKUP($M62, XtEHR!A:F,2,FALSE)&"."&TRIM(VLOOKUP($M62, XtEHR!A:F,3,FALSE)),"-") -> EHDSImagingStudy.studyCustodian
A63: MhdDocRef13 | B63: MhDDocumentReference | C63: relatesTo | D63: | | E63: =IF(LEN(C63)>0,B63&"."&C63,"") -> MhDDocumentReference.relatesTo | F63: | | G63: =_xlfn.XLOOKUP(A63,KOS!Z:Z,KOS!N:N,"") | H63: | | I63: =_xlfn.XLOOKUP(A63,'KOS SR'!V:V,'KOS SR'!N:N,"") | J63: | | K63: =_xlfn.IFNA(VLOOKUP($M63, XtEHR!A:F,2,FALSE)&"."&TRIM(VLOOKUP($M63, XtEHR!A:F,3,FALSE)),"-") -> - | L63: | | N63: =_xlfn.IFNA(VLOOKUP($M63, XtEHR!A:F,2,FALSE)&"."&TRIM(VLOOKUP($M63, XtEHR!A:F,3,FALSE)),"-") -> -
A64: MhdDocRef14 | B64: MhDDocumentReference | C64: description | D64: | | E64: =IF(LEN(C64)>0,B64&"."&C64,"") -> MhDDocumentReference.description | F64: | | G64: =_xlfn.XLOOKUP(A64,KOS!Z:Z,KOS!N:N,"") | H64: | | I64: =_xlfn.XLOOKUP(A64,'KOS SR'!V:V,'KOS SR'!N:N,"") | J64: | | K64: =_xlfn.IFNA(VLOOKUP($M64, XtEHR!A:F,2,FALSE)&"."&TRIM(VLOOKUP($M64, XtEHR!A:F,3,FALSE)),"-") -> - | L64: | | N64: =_xlfn.IFNA(VLOOKUP($M64, XtEHR!A:F,2,FALSE)&"."&TRIM(VLOOKUP($M64, XtEHR!A:F,3,FALSE)),"-") -> -
A65: MhdDocRef15 | B65: MhDDocumentReference | C65: secutityLabel | D65: | | E65: =IF(LEN(C65)>0,B65&"."&C65,"") -> MhDDocumentReference.secutityLabel | F65: | | G65: =_xlfn.XLOOKUP(A65,KOS!Z:Z,KOS!N:N,"") | H65: | | I65: =_xlfn.XLOOKUP(A65,'KOS SR'!V:V,'KOS SR'!N:N,"") | J65: | | K65: =_xlfn.IFNA(VLOOKUP($M65, XtEHR!A:F,2,FALSE)&"."&TRIM(VLOOKUP($M65, XtEHR!A:F,3,FALSE)),"-") -> - | L65: | | N65: =_xlfn.IFNA(VLOOKUP($M65, XtEHR!A:F,2,FALSE)&"."&TRIM(VLOOKUP($M65, XtEHR!A:F,3,FALSE)),"-") -> -
A66: MhdDocRef16 | B66: MhDDocumentReference | C66: extension[anatomical] | D66: | | E66: =IF(LEN(C66)>0,B66&"."&C66,"") -> MhDDocumentReference.extension[anatomical] | F66: | | G66: =_xlfn.XLOOKUP(A66,KOS!Z:Z,KOS!N:N,"") | H66: | | I66: =_xlfn.XLOOKUP(A66,'KOS SR'!V:V,'KOS SR'!N:N,"") | J66: | | K66: =_xlfn.IFNA(VLOOKUP($M66, XtEHR!A:F,2,FALSE)&"."&TRIM(VLOOKUP($M66, XtEHR!A:F,3,FALSE)),"-") -> - | L66: | | N66: =_xlfn.IFNA(VLOOKUP($M66, XtEHR!A:F,2,FALSE)&"."&TRIM(VLOOKUP($M66, XtEHR!A:F,3,FALSE)),"-") -> -
A67: MhdDocRef17 | B67: MhDDocumentReference | C67: extension[modality] | D67: | | E67: =IF(LEN(C67)>0,B67&"."&C67,"") -> MhDDocumentReference.extension[modality] | F67: | | G67: =_xlfn.XLOOKUP(A67,KOS!Z:Z,KOS!N:N,"") | H67: | | I67: =_xlfn.XLOOKUP(A67,'KOS SR'!V:V,'KOS SR'!N:N,"") | J67: | | K67: =_xlfn.IFNA(VLOOKUP($M67, XtEHR!A:F,2,FALSE)&"."&TRIM(VLOOKUP($M67, XtEHR!A:F,3,FALSE)),"-") -> EHDSImagingStudy.modality | L67: | | M67: EHDSImagingStudy11 | N67: =_xlfn.IFNA(VLOOKUP($M67, XtEHR!A:F,2,FALSE)&"."&TRIM(VLOOKUP($M67, XtEHR!A:F,3,FALSE)),"-") -> EHDSImagingStudy.modality
A68: MhdDocRef18 | B68: MhDDocumentReference | C68: content | D68: | | E68: =IF(LEN(C68)>0,B68&"."&C68,"") -> MhDDocumentReference.content | F68: | | G68: =_xlfn.XLOOKUP(A68,KOS!Z:Z,KOS!N:N,"") | H68: | | I68: =_xlfn.XLOOKUP(A68,'KOS SR'!V:V,'KOS SR'!N:N,"") | J68: | | K68: =_xlfn.IFNA(VLOOKUP($M68, XtEHR!A:F,2,FALSE)&"."&TRIM(VLOOKUP($M68, XtEHR!A:F,3,FALSE)),"-") -> - | L68: | | N68: =_xlfn.IFNA(VLOOKUP($M68, XtEHR!A:F,2,FALSE)&"."&TRIM(VLOOKUP($M68, XtEHR!A:F,3,FALSE)),"-") -> -
A69: MhdDocRef18a | B69: MhDDocumentReference | C69: content.period | D69: | | E69: =IF(LEN(C69)>0,B69&"."&C69,"") -> MhDDocumentReference.content.period | F69: | | G69: =_xlfn.XLOOKUP(A69,KOS!Z:Z,KOS!N:N,"") | H69: | | I69: =_xlfn.XLOOKUP(A69,'KOS SR'!V:V,'KOS SR'!N:N,"") | J69: | | K69: =_xlfn.IFNA(VLOOKUP($M69, XtEHR!A:F,2,FALSE)&"."&TRIM(VLOOKUP($M69, XtEHR!A:F,3,FALSE)),"-") -> EHDSImagingStudy.started | L69: | | M69: EHDSImagingStudy14 | N69: =_xlfn.IFNA(VLOOKUP($M69, XtEHR!A:F,2,FALSE)&"."&TRIM(VLOOKUP($M69, XtEHR!A:F,3,FALSE)),"-") -> EHDSImagingStudy.started
A70: MhdDocRef19 | B70: MhDDocumentReference | C70: context | D70: | | E70: =IF(LEN(C70)>0,B70&"."&C70,"") -> MhDDocumentReference.context | F70: | | G70: =_xlfn.XLOOKUP(A70,KOS!Z:Z,KOS!N:N,"") | H70: | | I70: =_xlfn.XLOOKUP(A70,'KOS SR'!V:V,'KOS SR'!N:N,"") | J70: | | K70: =_xlfn.IFNA(VLOOKUP($M70, XtEHR!A:F,2,FALSE)&"."&TRIM(VLOOKUP($M70, XtEHR!A:F,3,FALSE)),"-") -> - | L70: | | N70: =_xlfn.IFNA(VLOOKUP($M70, XtEHR!A:F,2,FALSE)&"."&TRIM(VLOOKUP($M70, XtEHR!A:F,3,FALSE)),"-") -> -
N71: =_xlfn.IFNA(VLOOKUP($M71, XtEHR!A:F,2,FALSE)&"."&TRIM(VLOOKUP($M71, XtEHR!A:F,3,FALSE)),"-") -> -
D72: | | E72: FHIR | F72: | | G72: KOS | H72: | | I72: KOS-SR | J72: | | K72: XtEHR | L72: |
D73: | | E73: -------- | F73: | | G73: -------- | H73: | | I73: -------- | J73: | | K73: -------- | L73: |
A74: Patient1 | B74: Patient | C74: identifier | D74: | | E74: =IF(LEN(C74)>0,B74&"."&C74,"") -> Patient.identifier | F74: | | G74: =_xlfn.XLOOKUP(A74,KOS!Z:Z,KOS!N:N,"") -> PatientModule-Patient ID​ | H74: | | I74: =_xlfn.XLOOKUP(A74,'KOS SR'!V:V,'KOS SR'!N:N,"") | J74: | | K74: =_xlfn.IFNA(VLOOKUP($M74, XtEHR!A:F,2,FALSE)&"."&TRIM(VLOOKUP($M74, XtEHR!A:F,3,FALSE)),"-") -> EHDSPatient.identifier | L74: | | M74: EHDSPatient2 | N74: =_xlfn.IFNA(VLOOKUP($M74, XtEHR!A:F,2,FALSE)&"."&TRIM(VLOOKUP($M74, XtEHR!A:F,3,FALSE)),"-") -> EHDSPatient.identifier
A75: Patient2 | B75: Patient | C75: name | D75: | | E75: =IF(LEN(C75)>0,B75&"."&C75,"") -> Patient.name | F75: | | G75: =_xlfn.XLOOKUP(A75,KOS!Z:Z,KOS!N:N,"") -> PatientModule-PatientName | H75: | | I75: =_xlfn.XLOOKUP(A75,'KOS SR'!V:V,'KOS SR'!N:N,"") | J75: | | K75: =_xlfn.IFNA(VLOOKUP($M75, XtEHR!A:F,2,FALSE)&"."&TRIM(VLOOKUP($M75, XtEHR!A:F,3,FALSE)),"-") -> EHDSPatient.name | L75: | | M75: EHDSPatient3 | N75: =_xlfn.IFNA(VLOOKUP($M75, XtEHR!A:F,2,FALSE)&"."&TRIM(VLOOKUP($M75, XtEHR!A:F,3,FALSE)),"-") -> EHDSPatient.name
